"","country","id_1","population"
"1","AFG",1,2199618
"2","AFG",2,1098144
"3","AFG",3,1783106
"4","AFG",4,2242690
"5","AFG",5,726553
"6","AFG",6,929236
"7","AFG",7,1039496
"8","AFG",8,2036439
"9","AFG",9,1525164
"10","AFG",10,1351390
"11","AFG",11,1657368
"12","AFG",12,4092039
"13","AFG",13,969649
"14","AFG",14,8141892
"15","AFG",15,2308932
"16","AFG",16,817990
"17","AFG",17,1332352
"18","AFG",18,898502
"19","AFG",19,1600324
"20","AFG",20,901178
"21","AFG",21,740093
"22","AFG",22,3001557
"23","AFG",23,284174
"24","AFG",24,330084
"25","AFG",25,793321
"26","AFG",26,1175983
"27","AFG",27,257741
"28","AFG",28,1203722
"29","AFG",29,709518
"30","AFG",30,1088799
"31","AFG",31,2047606
"32","AFG",32,701848
"33","AFG",33,1035479
"34","AFG",34,573446
"35","AGO",1,460477.75
"36","AGO",2,1777846.61
"37","AGO",3,969189.86
"38","AGO",4,1246590.61
"39","AGO",5,377188.25
"40","AGO",6,318188.3
"41","AGO",7,1700781.83
"42","AGO",8,1119562.48
"43","AGO",9,1515059.63
"44","AGO",10,2890950.99
"45","AGO",11,14988192.83
"46","AGO",12,795614.83
"47","AGO",13,460510.63
"48","AGO",14,853554.31
"49","AGO",15,1082029.24
"50","AGO",16,575056.22
"51","AGO",17,819394.03
"52","AGO",18,707509.71
"53","ALA",1,970
"54","ALA",2,2389
"55","ALA",3,1422
"56","ALA",4,7789
"57","ALA",5,1074
"58","ALA",6,3879
"59","ALA",7,11953
"60","ALA",8,644
"61","ALA",9,704
"62","ALA",10,4820
"63","ALA",11,966
"64","ALA",12,25887
"65","ALA",13,4575
"66","ALA",14,191
"67","ALA",15,2332
"68","ALA",16,982
"69","ALB",1,114463.48
"70","ALB",2,109723.84
"71","ALB",3,298550.44
"72","ALB",4,260789.39
"73","ALB",5,272036.3
"74","ALB",6,56849.52
"75","ALB",7,199616.3
"76","ALB",8,71875.15
"77","ALB",9,130015.57
"78","ALB",10,198287.69
"79","ALB",11,1038964.46
"80","ALB",12,177810.63
"81","AND",1,23343
"82","AND",2,12936
"83","AND",3,18362
"84","AND",4,18047
"85","AND",5,15190
"86","AND",6,7872
"87","AND",7,11997
"88","ARE",1,2598423.36
"89","ARE",2,445016.64
"90","ARE",3,3652789.3
"91","ARE",4,215024.86
"92","ARE",5,378605.06
"93","ARE",6,2219423.57
"94","ARE",7,81598.15
"95","ARG",1,18113609.01
"96","ARG",2,411493.55
"97","ARG",3,1145722.56
"98","ARG",4,650749.27
"99","ARG",5,3080916.75
"100","ARG",6,3630960.31
"101","ARG",7,1070512.77
"102","ARG",8,1333784.97
"103","ARG",9,587249.03
"104","ARG",10,754227.7
"105","ARG",11,347446.97
"106","ARG",12,395578.04
"107","ARG",13,1947335.14
"108","ARG",14,1285045.07
"109","ARG",15,664669.17
"110","ARG",16,745883.46
"111","ARG",17,1394025.23
"112","ARG",18,765291.29
"113","ARG",19,521822.61
"114","ARG",20,411756.44
"115","ARG",21,3453343.17
"116","ARG",22,964221.74
"117","ARG",23,161407.83
"118","ARG",24,1590577.06
"119","ARM",1,139571.94
"120","ARM",2,275158.45
"121","ARM",3,339066.85
"122","ARM",4,1050503.65
"123","ARM",5,222007.58
"124","ARM",6,223292.2
"125","ARM",7,203771.7
"126","ARM",8,235053.8
"127","ARM",9,116021.31
"128","ARM",10,108311.95
"129","ARM",11,46043.32
"130","ASM",1,20705.69
"131","ASM",2,569.36
"132","ASM",3,2.21
"133","ASM",4,29203.56
"134","ATF",1,858316
"135","ATF",2,592038
"136","ATF",3,87584
"137","ATF",4,111301
"138","ATG",1,1715.07
"139","ATG",3,9481.43
"140","ATG",4,55918.46
"141","ATG",5,7474.91
"142","ATG",6,7184.86
"143","ATG",7,4771.22
"144","ATG",8,3072.94
"145","AUS",2,425419.55
"146","AUS",4,429.09
"147","AUS",5,8091274.18
"148","AUS",6,245186.59
"149","AUS",7,5074348.17
"150","AUS",8,1893053.26
"151","AUS",9,560657.4
"152","AUS",10,6355731.39
"153","AUS",11,2645971.98
"154","AUT",1,289946.19
"155","AUT",2,549156.5
"156","AUT",3,1684345.37
"157","AUT",4,1418420.07
"158","AUT",5,539637.42
"159","AUT",6,1224975.58
"160","AUT",7,735867.19
"161","AUT",8,376537.95
"162","AUT",9,1826518.17
"163","AZE",1,5156015
"164","AZE",2,3085974
"165","AZE",3,494162
"166","AZE",4,1959887
"167","AZE",5,390407
"168","AZE",6,1454694
"169","AZE",7,654029
"170","AZE",8,845778
"171","AZE",9,959447
"172","AZE",10,980642
"173","BDI",1,488704.23
"174","BDI",2,1023517.12
"175","BDI",3,912922.4
"176","BDI",4,982979.52
"177","BDI",5,390090.2
"178","BDI",6,681833.15
"179","BDI",7,1026714.19
"180","BDI",8,618066.47
"181","BDI",9,994657.01
"182","BDI",10,998438.21
"183","BDI",11,664942.71
"184","BDI",12,414351.26
"185","BDI",13,1229284.07
"186","BDI",14,401690.29
"187","BDI",15,975581.82
"188","BDI",16,620900.14
"189","BDI",17,703553.72
"190","BEL",1,1247616.29
"191","BEL",2,6680984.97
"192","BEL",3,3687997.38
"193","BEN",1,1133054.15
"194","BEN",2,983599.67
"195","BEN",3,1870633.29
"196","BEN",4,1608628.74
"197","BEN",5,821441.39
"198","BEN",6,682268.11
"199","BEN",7,879661.78
"200","BEN",8,491575.6
"201","BEN",9,525870.03
"202","BEN",10,1372894.73
"203","BEN",11,760862.06
"204","BEN",12,1009071.23
"205","BES",1,25735
"206","BES",2,2539
"207","BES",3,5870
"208","BFA",1,1657665.17
"209","BFA",2,808375.82
"210","BFA",3,1397290.52
"211","BFA",4,1447575.42
"212","BFA",5,1434407.93
"213","BFA",6,738248.71
"214","BFA",7,2909216.98
"215","BFA",8,1600914.03
"216","BFA",9,1950664.72
"217","BFA",10,1348636.83
"218","BFA",11,796243.09
"219","BFA",12,1209905.44
"220","BFA",13,759795.68
"221","BGD",1,8663468.81
"222","BGD",2,33321077.04
"223","BGD",3,58956735.11
"224","BGD",4,17110305.89
"225","BGD",5,21142653.49
"226","BGD",6,18087216.47
"227","BGD",7,12402154.09
"228","BGR",1,305330.29
"229","BGR",2,404121.72
"230","BGR",3,166354.82
"231","BGR",4,104577.26
"232","BGR",5,1385742.13
"233","BGR",6,221112.32
"234","BGR",7,139444.17
"235","BGR",8,115850.71
"236","BGR",9,119136.11
"237","BGR",10,121484.06
"238","BGR",11,246618.83
"239","BGR",12,124507.4
"240","BGR",13,229527.06
"241","BGR",14,646349.73
"242","BGR",15,103189.04
"243","BGR",16,205192.95
"244","BGR",17,159908.83
"245","BGR",18,100484.32
"246","BGR",19,178434.75
"247","BGR",20,106355
"248","BGR",21,230990.92
"249","BGR",22,300590.31
"250","BGR",23,106155.91
"251","BGR",24,480088.89
"252","BGR",25,227655.09
"253","BGR",26,78832.46
"254","BGR",27,145843.83
"255","BGR",28,111401.93
"256","BHR",1,378126.58
"257","BHR",2,353454.28
"258","BHR",3,204075.41
"259","BHR",4,301035.68
"260","BHR",5,165567.25
"261","BHS",1,676.39
"262","BHS",2,605.37
"263","BHS",3,1698.56
"264","BHS",4,1408.38
"265","BHS",5,1298.59
"266","BHS",6,10532.6
"267","BHS",7,497.58
"268","BHS",8,1704.71
"269","BHS",9,9826.71
"270","BHS",10,254.84
"271","BHS",11,1525.93
"272","BHS",12,9062.3
"273","BHS",13,51.44
"274","BHS",14,1651.16
"275","BHS",15,3686.07
"276","BHS",16,831.83
"277","BHS",17,3113.85
"278","BHS",18,795.48
"279","BHS",19,295.67
"280","BHS",20,698.58
"281","BHS",21,273384.4
"282","BHS",22,2080.02
"283","BHS",23,4135.2
"284","BHS",24,3536.85
"285","BHS",25,67.47
"286","BHS",26,59.2
"287","BHS",27,844.35
"288","BHS",28,1260.14
"289","BHS",29,1458.92
"290","BHS",30,1924.26
"291","BHS",32,41592.08
"292","BIH",1,134047.74
"293","BIH",2,2402321.96
"294","BIH",3,1207957.5
"295","BLR",1,1351841.85
"296","BLR",2,1384155.6
"297","BLR",3,995042.09
"298","BLR",4,1007856.42
"299","BLR",5,3498383.22
"300","BLR",6,1124936.03
"301","BLZ",1,119278.51
"302","BLZ",2,97498.34
"303","BLZ",3,49987.62
"304","BLZ",4,42794.84
"305","BLZ",5,45173.09
"306","BLZ",6,32253.63
"307","BMU",1,9223
"308","BMU",2,2267
"309","BMU",3,13020
"310","BMU",4,7250
"311","BMU",5,9109
"312","BMU",6,8063
"313","BMU",7,573
"314","BMU",8,12553
"315","BMU",9,6605
"316","BMU",10,8682
"317","BMU",11,10958
"318","BOL",1,614056.4
"319","BOL",2,2002052.74
"320","BOL",3,505264.89
"321","BOL",4,3022049.25
"322","BOL",5,584207.2
"323","BOL",6,185092.73
"324","BOL",7,914274.93
"325","BOL",8,3156918.52
"326","BOL",9,556585.84
"327","BRA",1,933820.41
"328","BRA",2,3419767.91
"329","BRA",3,919856.83
"330","BRA",4,4313176.53
"331","BRA",5,14936000.65
"332","BRA",6,9502266.04
"333","BRA",7,3171897.69
"334","BRA",8,3906040.38
"335","BRA",9,7231119.1
"336","BRA",10,7660381.14
"337","BRA",11,2881291.38
"338","BRA",12,3786587.76
"339","BRA",13,21505829.22
"340","BRA",14,9549891.93
"341","BRA",15,4055274.87
"342","BRA",16,11420588.58
"343","BRA",17,9674738.86
"344","BRA",18,3407703.53
"345","BRA",19,17649340.8
"346","BRA",20,3603027.82
"347","BRA",21,11217659.43
"348","BRA",22,1803558.26
"349","BRA",23,610253.06
"350","BRA",24,45341286.47
"351","BRA",25,7274349.06
"352","BRA",26,2390268.09
"353","BRA",27,1685978.4
"354","BRB",1,52686.18
"355","BRB",2,4728.39
"356","BRB",3,20330.86
"357","BRB",4,32837.04
"358","BRB",5,8452.05
"359","BRB",6,6021.61
"360","BRB",7,8862.3
"361","BRB",8,85410.1
"362","BRB",9,11313.17
"363","BRB",10,31422.79
"364","BRB",11,15527.53
"365","BRN",1,64603.27
"366","BRN",2,322101.95
"367","BRN",3,8890.98
"368","BRN",4,47563.17
"369","BTN",1,20359.59
"370","BTN",2,96171.21
"371","BTN",3,29930.91
"372","BTN",4,3380.05
"373","BTN",5,14929.95
"374","BTN",6,17889.79
"375","BTN",7,48324.23
"376","BTN",8,44298.6
"377","BTN",9,26401.65
"378","BTN",10,25201.68
"379","BTN",11,43633.55
"380","BTN",12,74175.41
"381","BTN",13,48239.07
"382","BTN",14,128317.22
"383","BTN",15,61464.45
"384","BTN",16,16704.1
"385","BTN",17,23949.32
"386","BTN",18,44897.62
"387","BTN",19,20721.47
"388","BTN",20,23493.45
"389","BWA",1,678193.37
"390","BWA",2,29632.59
"391","BWA",3,115859.75
"392","BWA",4,211104.5
"393","BWA",5,57225.36
"394","BWA",6,3459.24
"395","BWA",7,60220.79
"396","BWA",8,114721.59
"397","BWA",9,400696.7
"398","BWA",10,64728.31
"399","BWA",11,78965.86
"400","BWA",12,186423.3
"401","BWA",13,53493.1
"402","BWA",14,155747.4
"403","BWA",15,247187.24
"404","BWA",16,1828.62
"405","CAF",1,54079.6
"406","CAF",2,262472.97
"407","CAF",3,309801.64
"408","CAF",4,72229.56
"409","CAF",5,113170.56
"410","CAF",6,146189.78
"411","CAF",7,310624.89
"412","CAF",8,448465.79
"413","CAF",9,206706.58
"414","CAF",10,147854.51
"415","CAF",11,290868.77
"416","CAF",12,952955.74
"417","CAF",13,347513.87
"418","CAF",14,540085.09
"419","CAF",15,461319.42
"420","CAF",16,135634.54
"421","CAF",17,64229.45
"422","CAN",1,8596642
"423","CAN",2,9303742
"424","CAN",3,2534179
"425","CAN",4,1446903
"426","CAN",5,976332
"427","CAN",6,133212
"428","CAN",7,1638410
"429","CAN",8,107425
"430","CAN",9,24452862
"431","CAN",10,250782
"432","CAN",11,14801253
"433","CAN",12,2286479
"434","CAN",13,106109
"435","CHE",1,667746.53
"436","CHE",2,52011.64
"437","CHE",3,17608.71
"438","CHE",4,281413.66
"439","CHE",5,174258.21
"440","CHE",6,1018964.95
"441","CHE",7,332113.87
"442","CHE",8,511038.08
"443","CHE",9,38979.2
"444","CHE",10,207911.95
"445","CHE",11,71091.38
"446","CHE",12,412524.13
"447","CHE",13,177853.82
"448","CHE",14,43037.12
"449","CHE",15,38956.75
"450","CHE",16,510762.66
"451","CHE",17,77010.22
"452","CHE",18,161325.18
"453","CHE",19,267666.16
"454","CHE",20,268580.24
"455","CHE",21,356123.19
"456","CHE",22,36053.97
"457","CHE",23,362700.03
"458","CHE",24,829076.34
"459","CHE",25,126885.41
"460","CHE",26,1559540.54
"461","CHL",1,110454.52
"462","CHL",2,634872.44
"463","CHL",3,1077675.31
"464","CHL",4,161541.7
"465","CHL",5,295762.17
"466","CHL",6,1640437.89
"467","CHL",7,807504.34
"468","CHL",8,929568.29
"469","CHL",9,913774.34
"470","CHL",10,321165
"471","CHL",11,145345.01
"472","CHL",12,1037545.76
"473","CHL",13,460476.37
"474","CHL",14,7916640.08
"475","CHL",15,415289.76
"476","CHL",16,1880784.57
"477","CHN",1,82111071
"478","CHN",2,41920576
"479","CHN",3,36083575
"480","CHN",4,52081503
"481","CHN",5,36554734
"482","CHN",6,160435386
"483","CHN",7,60219211
"484","CHN",8,43714980
"485","CHN",9,12243350
"486","CHN",10,112530656
"487","CHN",11,67799660
"488","CHN",12,133984171
"489","CHN",13,78118336
"490","CHN",14,89730385
"491","CHN",15,116914974
"492","CHN",16,65979157
"493","CHN",17,44689214
"494","CHN",18,69143190
"495","CHN",19,41291087
"496","CHN",20,10628701
"497","CHN",21,9327525
"498","CHN",22,54075129
"499","CHN",23,144678736
"500","CHN",24,43441154
"501","CHN",25,56203290
"502","CHN",26,105565333
"503","CHN",27,27978487
"504","CHN",28,39790575
"505","CHN",29,4552827
"506","CHN",30,62588536
"507","CHN",31,85805120
"508","CIV",1,5275497.72
"509","CIV",2,2580066.08
"510","CIV",3,1321061.91
"511","CIV",4,326749.61
"512","CIV",5,1829653.97
"513","CIV",6,1405928.94
"514","CIV",7,1540504.11
"515","CIV",8,2760599.31
"516","CIV",9,2655559.12
"517","CIV",10,1900466.61
"518","CIV",11,1542927.61
"519","CIV",12,985813.61
"520","CIV",13,389129.78
"521","CIV",14,1015384.82
"522","CMR",1,1368123.75
"523","CMR",2,5405906.58
"524","CMR",3,1005986.6
"525","CMR",4,4384347.74
"526","CMR",5,4210154.96
"527","CMR",6,2201713.69
"528","CMR",7,2900510.53
"529","CMR",8,2022694.72
"530","CMR",9,1795385.9
"531","CMR",10,916130.34
"532","COD",1,1071122.03
"533","COD",2,1717733.02
"534","COD",3,6009487.98
"535","COD",4,4465710.63
"536","COD",5,1506984.34
"537","COD",6,4415602.58
"538","COD",7,4540579.66
"539","COD",8,3964654.2
"540","COD",9,3979879.06
"541","COD",10,6056258.62
"542","COD",11,2587160.96
"543","COD",12,1820691.48
"544","COD",13,3474763.06
"545","COD",14,2901620.47
"546","COD",15,2247192.13
"547","COD",16,1328785.84
"548","COD",17,2172967.09
"549","COD",18,1661920.02
"550","COD",19,6517936.69
"551","COD",20,1124614.63
"552","COD",21,137577.49
"553","COD",22,4541444.53
"554","COD",23,2155270.41
"555","COD",24,3094467.89
"556","COD",25,2502661.81
"557","COD",26,1207041.19
"558","COG",1,365520.49
"559","COG",2,1383301.72
"560","COG",3,161812.11
"561","COG",4,214682.78
"562","COG",5,646775.74
"563","COG",6,170648.75
"564","COG",7,679355.08
"565","COG",8,229624.64
"566","COG",9,175157.52
"567","COG",10,124560.74
"568","COG",11,337628.44
"569","COG",12,126993.5
"570","COL",1,98951.15
"571","COL",2,6265509.14
"572","COL",3,349739.1
"573","COL",4,2583123.1
"574","COL",5,2485334.06
"575","COL",6,1232326.88
"576","COL",7,860596
"577","COL",8,527437.62
"578","COL",9,715772.35
"579","COL",10,1437331.77
"580","COL",11,981338.28
"581","COL",12,502093.45
"582","COL",13,1985283.23
"583","COL",14,11317478.15
"584","COL",15,66904.2
"585","COL",16,140858.57
"586","COL",17,1197788.9
"587","COL",18,1191021.37
"588","COL",19,1293673.05
"589","COL",20,983568.47
"590","COL",21,1729738.55
"591","COL",22,1260916.84
"592","COL",23,419894.73
"593","COL",24,562622.14
"594","COL",25,875060.31
"595","COL",26,70479.44
"596","COL",27,2160740.83
"597","COL",28,830791.8
"598","COL",29,1317063.25
"599","COL",30,4398814.14
"600","COL",31,80586.87
"601","COL",32,93633.89
"602","COM",1,61089.79
"603","COM",2,429118.7
"604","COM",3,340778.66
"605","CPV",1,19224.41
"606","CPV",2,5344.64
"607","CPV",3,6493.2
"608","CPV",4,5457.42
"609","CPV",5,18970.13
"610","CPV",6,6315.39
"611","CPV",7,16160.83
"612","CPV",8,7651.52
"613","CPV",9,23949.33
"614","CPV",10,8004.58
"615","CPV",11,22297.23
"616","CPV",12,37017.13
"617","CPV",13,16765.32
"618","CPV",14,8680.04
"619","CPV",15,17762.19
"620","CPV",16,11692.64
"621","CPV",17,142411.54
"622","CPV",18,6327.93
"623","CPV",19,20794.75
"624","CPV",20,86113.21
"625","CPV",21,45401.6
"626","CPV",22,4010.19
"627","CRI",1,1014958.27
"628","CRI",2,564934.45
"629","CRI",3,410434.08
"630","CRI",4,539942.65
"631","CRI",5,451983.05
"632","CRI",6,479458.97
"633","CRI",7,1562429.41
"634","CUB",1,997894
"635","CUB",2,568066
"636","CUB",3,528332
"637","CUB",4,2633194
"638","CUB",5,1079992
"639","CUB",6,660653
"640","CUB",7,1334239
"641","CUB",8,107882
"642","CUB",9,487194
"643","CUB",10,687324
"644","CUB",11,921850
"645","CUB",12,512185
"646","CUB",13,934253
"647","CUB",14,603443
"648","CUB",15,1341102
"649","CUB",16,997507
"650","CYM",1,8704.29
"651","CYM",2,1034.78
"652","CYM",3,699.94
"653","CYM",4,29121.11
"654","CYM",5,268.62
"655","CYM",6,6784.17
"656","CYM",7,9417.07
"657","CYP",1,61918
"658","CYP",2,206982
"659","CYP",3,339045
"660","CYP",4,434687
"661","CYP",5,154151
"662","CZE",1,623862.58
"663","CZE",2,1172349.45
"664","CZE",3,284103.01
"665","CZE",4,503947.02
"666","CZE",5,538864.84
"667","CZE",6,426284.68
"668","CZE",7,1120326.72
"669","CZE",8,595825.02
"670","CZE",9,506191.65
"671","CZE",10,579878.21
"672","CZE",11,1301422.88
"673","CZE",12,1565209.91
"674","CZE",13,792155.38
"675","CZE",14,559137.06
"676","DEU",1,10630210.19
"677","DEU",2,12842766.74
"678","DEU",3,3323186.43
"679","DEU",4,2434682.4
"680","DEU",5,641510.51
"681","DEU",6,1731046.27
"682","DEU",7,6066072.48
"683","DEU",8,1510661.18
"684","DEU",9,7774137.55
"685","DEU",10,17474331.86
"686","DEU",11,4077238.18
"687","DEU",12,955846.87
"688","DEU",13,2096914.39
"689","DEU",14,3859301.55
"690","DEU",15,2840871.02
"691","DEU",16,2017194.35
"692","DJI",1,116344.53
"693","DJI",2,98782.77
"694","DJI",3,528260.69
"695","DJI",4,55096.6
"696","DJI",5,131383.89
"697","DMA",1,7821.52
"698","DMA",2,5542.04
"699","DMA",3,22916.02
"700","DMA",4,6908.14
"701","DMA",5,5463.13
"702","DMA",6,371.73
"703","DMA",7,1471.17
"704","DMA",8,5692.69
"705","DMA",9,9989.09
"706","DMA",10,279.27
"707","DNK",1,3859513
"708","DNK",2,2787204
"709","DNK",3,1238938
"710","DNK",4,1706017
"711","DNK",5,2486637
"712","DOM",1,226319.66
"713","DOM",2,155769.86
"714","DOM",3,183062.31
"715","DOM",4,59820.04
"716","DOM",5,977144.02
"717","DOM",6,323095
"718","DOM",7,82481.19
"719","DOM",8,290966.34
"720","DOM",9,98462.73
"721","DOM",10,58071.13
"722","DOM",11,485564.62
"723","DOM",12,58255.41
"724","DOM",13,270019.03
"725","DOM",14,431735.16
"726","DOM",15,179678.96
"727","DOM",16,173209.4
"728","DOM",17,169708.96
"729","DOM",18,217089.9
"730","DOM",19,56010.09
"731","DOM",20,273444.13
"732","DOM",21,316442.01
"733","DOM",22,86153.57
"734","DOM",23,101673.37
"735","DOM",24,620178.42
"736","DOM",25,57518.04
"737","DOM",26,220224.9
"738","DOM",27,347652.63
"739","DOM",28,141923.66
"740","DOM",29,48742.21
"741","DOM",30,977955.19
"742","DOM",31,3127192.34
"743","DOM",32,226293.53
"744","DZA",1,485892.52
"745","DZA",2,862399.82
"746","DZA",3,412090.28
"747","DZA",4,3662679.98
"748","DZA",5,703624.39
"749","DZA",6,1319158.84
"750","DZA",7,311031.94
"751","DZA",8,971778.83
"752","DZA",9,876864.17
"753","DZA",10,1217793.84
"754","DZA",11,700940.15
"755","DZA",12,762144.95
"756","DZA",13,945136.39
"757","DZA",14,1136542.36
"758","DZA",15,1105558.33
"759","DZA",16,1413822.17
"760","DZA",17,289608.26
"761","DZA",18,784082.43
"762","DZA",19,459005.42
"763","DZA",20,423371.72
"764","DZA",21,530685.48
"765","DZA",22,71794.56
"766","DZA",23,691723.15
"767","DZA",24,440618.92
"768","DZA",25,608564.83
"769","DZA",26,1164558.63
"770","DZA",27,884019.32
"771","DZA",28,859968.01
"772","DZA",29,854401.69
"773","DZA",30,826891.61
"774","DZA",31,273235.28
"775","DZA",32,1804356.34
"776","DZA",33,680481.46
"777","DZA",34,717042.58
"778","DZA",35,801302.39
"779","DZA",36,378890
"780","DZA",37,1663459.78
"781","DZA",38,677669.03
"782","DZA",39,1004403.62
"783","DZA",40,511230.62
"784","DZA",41,214400.84
"785","DZA",42,741474.32
"786","DZA",43,992444.55
"787","DZA",44,75599.83
"788","DZA",45,626012.91
"789","DZA",46,409755.73
"790","DZA",47,1159880.49
"791","DZA",48,1049509.55
"792","ECU",1,844104.19
"793","ECU",2,197503.4
"794","ECU",3,238433.65
"795","ECU",4,171789.95
"796","ECU",5,518697.39
"797","ECU",6,476912.52
"798","ECU",7,680804.72
"799","ECU",8,610242.69
"800","ECU",9,33488.94
"801","ECU",10,4320407.77
"802","ECU",11,467356.99
"803","ECU",12,493120.89
"804","ECU",13,929756.92
"805","ECU",14,1593124.67
"806","ECU",15,191107.08
"807","ECU",16,169472.93
"808","ECU",17,221099.94
"809","ECU",18,115147.06
"810","ECU",19,3167837.46
"811","ECU",20,387895.64
"812","ECU",21,524101.71
"813","ECU",22,239836.02
"814","ECU",23,573816.38
"815","ECU",24,108304.02
"816","EGY",1,6201837.44
"817","EGY",2,332024.51
"818","EGY",3,5987274.91
"819","EGY",4,3268944.38
"820","EGY",5,4953436.05
"821","EGY",6,4954459.68
"822","EGY",7,1213199.72
"823","EGY",8,8781873.16
"824","EGY",9,4090440.99
"825","EGY",10,5300911.15
"826","EGY",11,8576789.17
"827","EGY",12,5451722.68
"828","EGY",13,1694700.42
"829","EGY",14,232774.56
"830","EGY",15,644494.9
"831","EGY",16,6739004.64
"832","EGY",17,1474963.69
"833","EGY",18,4351393.14
"834","EGY",19,2924777.34
"835","EGY",20,687074.68
"836","EGY",21,1382701.3
"837","EGY",22,156837.53
"838","EGY",23,3292941.05
"839","EGY",24,447312.97
"840","EGY",25,2907457.53
"841","EGY",26,447254.36
"842","EGY",27,4734768.75
"843","ERI",1,894161.36
"844","ERI",2,1524634.02
"845","ERI",3,146985.91
"846","ERI",4,1246979.33
"847","ERI",5,1255921.42
"848","ERI",6,728692.56
"849","ESH",1,441390
"850","ESH",2,718462
"851","ESH",3,1285036
"852","ESH",4,1789777
"853","ESP",1,8084219.61
"854","ESP",2,1290651.79
"855","ESP",3,556275.68
"856","ESP",4,2170403.94
"857","ESP",5,2274726.23
"858","ESP",6,7541077.21
"859","ESP",7,134945.93
"860","ESP",8,6493909.89
"861","ESP",9,630298.43
"862","ESP",10,5091438.35
"863","ESP",11,996310
"864","ESP",12,2426523.98
"865","ESP",13,1196452.2
"866","ESP",14,2129155.69
"867","ESP",15,319960.8
"868","ESP",16,1970145.03
"869","ESP",17,933656.55
"870","ESP",18,1509388.47
"871","EST",1,581745.99
"872","EST",2,5967.81
"873","EST",3,158753.42
"874","EST",4,25503.9
"875","EST",5,24634.65
"876","EST",6,49418.59
"877","EST",7,18641.58
"878","EST",8,73623.24
"879","EST",9,680.3
"880","EST",10,24864.11
"881","EST",11,45575.67
"882","EST",12,43247.49
"883","EST",13,143088.85
"884","EST",14,23779.11
"885","EST",15,38653.62
"886","EST",16,26875.15
"887","ETH",1,3790656.6
"888","ETH",2,1978303.63
"889","ETH",3,24074466.76
"890","ETH",4,1229037.14
"891","ETH",5,500033.15
"892","ETH",6,621595.19
"893","ETH",7,266920.22
"894","ETH",8,42875451.84
"895","ETH",9,6670170.84
"896","ETH",10,13305366.13
"897","ETH",11,6408499.42
"898","FIN",1,1711020
"899","FIN",2,534852
"900","FIN",3,1372349
"901","FIN",4,4814136
"902","FIN",5,5987135
"903","FJI",1,394512.11
"904","FJI",2,24750.16
"905","FJI",3,107895
"906","FJI",4,695.25
"907","FJI",5,334129.87
"908","FRA",1,1925103
"909","FRA",2,3535654
"910","FRA",3,1374755
"911","FRA",4,12395148
"912","FRA",5,1459805
"913","FRA",6,1610448
"914","FRA",7,3402932
"915","FRA",8,2564915
"916","FRA",9,1305256
"917","FRA",10,349465
"918","FRA",11,1174945
"919","FRA",12,1847481
"920","FRA",13,2913036
"921","FRA",14,721961
"922","FRA",15,2311735
"923","FRA",16,3140512
"924","FRA",17,4063428
"925","FRA",18,3873096
"926","FRA",19,1923744
"927","FRA",20,1824370
"928","FRA",21,5131187
"929","FRA",22,6778478
"930","FRO",1,9717.2
"931","FRO",2,5297.91
"932","FRO",3,1129.13
"933","FRO",4,21160.71
"934","FRO",5,4205.63
"935","FRO",6,3119.36
"936","FSM",1,32034.08
"937","FSM",2,2588.44
"938","FSM",3,34236.55
"939","FSM",4,8014.74
"940","GAB",1,656819.72
"941","GAB",2,392933.47
"942","GAB",3,64768.62
"943","GAB",4,95900.96
"944","GAB",5,47019.85
"945","GAB",6,60286.62
"946","GAB",7,69158.9
"947","GAB",8,117418.52
"948","GAB",9,185044.46
"949","GBR",1,55643829.68
"950","GBR",2,1914634.88
"951","GBR",3,5335073.5
"952","GBR",4,3120994.23
"953","GEO",1,296141.11
"954","GEO",2,341666.55
"955","GEO",3,106937.95
"956","GEO",4,494056.16
"957","GEO",5,298268.36
"958","GEO",6,514215.18
"959","GEO",7,96705.89
"960","GEO",8,28902.21
"961","GEO",9,296917.5
"962","GEO",10,149664.77
"963","GEO",11,251117.64
"964","GEO",12,1106910.85
"965","GGY",1,5678
"966","GGY",2,12824
"967","GGY",3,34996
"968","GGY",4,3771
"969","GGY",5,17178
"970","GGY",6,4402
"971","GGY",7,1017
"972","GGY",8,1431
"973","GGY",9,16959
"974","GGY",10,327469
"975","GGY",11,189482
"976","GGY",12,676553
"977","GGY",13,48141
"978","GGY",14,300766
"979","GGY",15,353298
"980","GHA",1,6313989.99
"981","GHA",2,2682367.62
"982","GHA",3,2733396.3
"983","GHA",4,3053444.67
"984","GHA",5,5042382.76
"985","GHA",6,3163392.76
"986","GHA",7,1088441.59
"987","GHA",8,785056.04
"988","GHA",9,2604131.73
"989","GHA",10,2841804.18
"990","GIN",1,1283535.43
"991","GIN",2,1966723.36
"992","GIN",3,1126099.1
"993","GIN",4,2395949.42
"994","GIN",5,1905698.62
"995","GIN",6,1175435.89
"996","GIN",7,864041.21
"997","GIN",8,1862224.49
"998","GLP",1,200092.67
"999","GLP",2,206789.28
"1000","GMB",1,290876.57
"1001","GMB",2,83237.18
"1002","GMB",3,241694.49
"1003","GMB",4,247444.34
"1004","GMB",5,272534.84
"1005","GMB",6,1134540.42
"1006","GNB",1,270847.55
"1007","GNB",2,146093.79
"1008","GNB",3,545785.2
"1009","GNB",4,34796.28
"1010","GNB",5,236015.94
"1011","GNB",6,296918.63
"1012","GNB",7,291322.28
"1013","GNB",8,81900.3
"1014","GNB",9,116531.01
"1015","GNQ",1,3257.12
"1016","GNQ",2,233247.29
"1017","GNQ",3,25580.81
"1018","GNQ",4,108052.3
"1019","GNQ",5,139267.3
"1020","GNQ",6,288181.3
"1021","GNQ",7,154343.6
"1022","GRC",1,498489.38
"1023","GRC",2,1719.33
"1024","GRC",3,3780183.46
"1025","GRC",4,640287.84
"1026","GRC",5,614568.75
"1027","GRC",6,2499956.34
"1028","GRC",7,1390028.08
"1029","GRC",8,1254007.85
"1030","GRD",1,4793.18
"1031","GRD",2,28271.03
"1032","GRD",3,12343.71
"1033","GRD",4,38424.18
"1034","GRD",5,6566.81
"1035","GRD",6,3189.25
"1036","GRD",7,12288.03
"1037","GRL",1,59300
"1038","GRL",2,6039
"1039","GRL",3,32436
"1040","GRL",4,17895
"1041","GRL",5,44594
"1042","GTM",1,1437962.97
"1043","GTM",2,335902.12
"1044","GTM",3,781243.29
"1045","GTM",4,449479.65
"1046","GTM",5,183665.33
"1047","GTM",6,818027.46
"1048","GTM",7,3591222.2
"1049","GTM",8,1419030.44
"1050","GTM",9,503871.97
"1051","GTM",10,399807.21
"1052","GTM",11,511703.16
"1053","GTM",12,870601.69
"1054","GTM",13,960569.2
"1055","GTM",14,1275800
"1056","GTM",15,371935.51
"1057","GTM",16,378523.63
"1058","GTM",17,1243484.04
"1059","GTM",18,407216.79
"1060","GTM",19,566334.7
"1061","GTM",20,634061.23
"1062","GTM",21,606282.95
"1063","GTM",22,252119.89
"1064","GUF",1,177284.04
"1065","GUF",2,119050.96
"1066","GUM",1,1254.12
"1067","GUM",2,5580.57
"1068","GUM",3,1889.65
"1069","GUM",4,8638.25
"1070","GUM",5,8630.06
"1071","GUM",6,50303.63
"1072","GUM",7,2489.82
"1073","GUM",8,1478.29
"1074","GUM",9,19794.2
"1075","GUM",10,1207.58
"1076","GUM",11,6186.52
"1077","GUM",12,1370.75
"1078","GUM",13,5193.6
"1079","GUM",14,982.05
"1080","GUM",15,2716.65
"1081","GUM",16,20710.19
"1082","GUM",17,747.61
"1083","GUM",18,23665.7
"1084","GUM",19,7098.25
"1085","GUY",1,30260.88
"1086","GUY",2,17722.04
"1087","GUY",3,300024.72
"1088","GUY",4,105008.68
"1089","GUY",5,97271.2
"1090","GUY",6,53427.81
"1091","GUY",7,40568.71
"1092","GUY",8,8343.84
"1093","GUY",9,39445.79
"1094","GUY",10,30905.59
"1095","HKG",1,229590.11
"1096","HKG",2,543487.94
"1097","HKG",3,104268.97
"1098","HKG",4,426846.43
"1099","HKG",5,309043.52
"1100","HKG",6,633215.34
"1101","HKG",7,355274.45
"1102","HKG",8,499728.56
"1103","HKG",9,575025.46
"1104","HKG",10,455420.57
"1105","HKG",11,168155.34
"1106","HKG",12,307585.1
"1107","HKG",13,380589.44
"1108","HKG",14,461010.42
"1109","HKG",15,113170.85
"1110","HKG",16,390655.91
"1111","HKG",17,366582.35
"1112","HKG",18,668654.9
"1113","HND",1,450281.23
"1114","HND",2,420381.6
"1115","HND",3,314490.05
"1116","HND",4,538729.28
"1117","HND",5,398573.02
"1118","HND",6,1632065.05
"1119","HND",7,457035.05
"1120","HND",8,1574198.93
"1121","HND",9,92111.01
"1122","HND",10,242320.37
"1123","HND",11,51813.02
"1124","HND",12,200523.71
"1125","HND",13,328466.36
"1126","HND",14,155064.1
"1127","HND",15,541389.61
"1128","HND",16,438820.1
"1129","HND",17,164457.21
"1130","HND",18,588892.16
"1131","HRV",1,109360.68
"1132","HRV",2,143688.52
"1133","HRV",3,111506.64
"1134","HRV",4,875465.25
"1135","HRV",5,198977.46
"1136","HRV",6,117514.2
"1137","HRV",7,108609.6
"1138","HRV",8,124354.3
"1139","HRV",9,48184.3
"1140","HRV",10,106340.44
"1141","HRV",11,281655.61
"1142","HRV",12,71773.55
"1143","HRV",13,281090.95
"1144","HRV",14,98059.32
"1145","HRV",15,161156.61
"1146","HRV",16,391162.15
"1147","HRV",17,168823.5
"1148","HRV",18,77796.25
"1149","HRV",19,155048.62
"1150","HRV",20,161654.16
"1151","HRV",21,249360.2
"1152","HTI",1,729521.76
"1153","HTI",2,472737.6
"1154","HTI",3,1773787.18
"1155","HTI",4,342151.17
"1156","HTI",5,358727.04
"1157","HTI",6,754942.87
"1158","HTI",7,1046436.01
"1159","HTI",8,4502583.62
"1160","HTI",9,578705.91
"1161","HTI",10,667301.82
"1162","HUN",1,470296.43
"1163","HUN",2,340255.41
"1164","HUN",3,321480.59
"1165","HUN",4,653019.82
"1166","HUN",5,1891680.04
"1167","HUN",6,382181.36
"1168","HUN",7,430974.08
"1169","HUN",8,460530.85
"1170","HUN",9,622859.64
"1171","HUN",10,298969.39
"1172","HUN",11,363552.05
"1173","HUN",12,247628.66
"1174","HUN",13,188031.7
"1175","HUN",14,1140941.32
"1176","HUN",15,290427.69
"1177","HUN",16,570390.32
"1178","HUN",17,209691.9
"1179","HUN",18,243341.65
"1180","HUN",19,312039.35
"1181","HUN",20,242160.64
"1182","IDN",1,4558711.56
"1183","IDN",2,4623369.66
"1184","IDN",3,1573166.77
"1185","IDN",4,13553551.82
"1186","IDN",5,1795632.09
"1187","IDN",6,1229847.71
"1188","IDN",7,10175918.67
"1189","IDN",8,3837084.46
"1190","IDN",9,50482553.05
"1191","IDN",10,32377197.19
"1192","IDN",11,38392291.92
"1193","IDN",12,4991973.58
"1194","IDN",13,4293276.46
"1195","IDN",14,2641203.9
"1196","IDN",15,4805388.9
"1197","IDN",16,2531223.68
"1198","IDN",17,8377458.54
"1199","IDN",18,1342305.73
"1200","IDN",19,1739842.31
"1201","IDN",20,4963735.41
"1202","IDN",21,5385261.58
"1203","IDN",22,1274260.8
"1204","IDN",23,6378678.72
"1205","IDN",24,7891204.34
"1206","IDN",25,1556790.3
"1207","IDN",26,8749350.47
"1208","IDN",27,3000688.65
"1209","IDN",28,2769734.77
"1210","IDN",29,2589540.81
"1211","IDN",30,5320263.22
"1212","IDN",31,7764133.65
"1213","IDN",32,13958602.5
"1214","IDN",33,3661373.4
"1215","IMN",1,58904
"1216","IMN",2,1744877
"1217","IMN",3,1381564
"1218","IMN",4,3248596
"1219","IMN",5,2073013
"1220","IMN",6,1590482
"1221","IND",2,52397264.54
"1222","IND",3,1747572.19
"1223","IND",4,35299135.26
"1224","IND",5,7266063.64
"1225","IND",6,803911.69
"1226","IND",7,29715305.79
"1227","IND",8,545779.18
"1228","IND",9,187330.39
"1229","IND",10,1533792.27
"1230","IND",11,69586121.41
"1231","IND",12,29784909.43
"1232","IND",13,7702430.18
"1233","IND",14,5340249.17
"1234","IND",15,4480159.21
"1235","IND",16,69175009.38
"1236","IND",17,33725859.21
"1237","IND",19,23279373.25
"1238","IND",20,7623654.92
"1239","IND",21,3516613.04
"1240","IND",22,3802787.27
"1241","IND",23,1342808.29
"1242","IND",24,2050987.97
"1243","IND",25,18793487.75
"1244","IND",26,15706063.55
"1245","IND",27,1283583.46
"1246","IND",28,8961889.79
"1247","IND",29,68548437
"1248","IND",30,665096.35
"1249","IND",31,81787225.97
"1250","IND",32,39499507.41
"1251","IND",33,4016383.58
"1252","IND",34,93941944.59
"1253","IND",35,11934485.09
"1254","IND",36,100601316.6
"1255","IRL",1,538532
"1256","IRL",2,267972
"1257","IRL",3,468523
"1258","IRL",4,209030
"1259","IRL",5,205597
"1260","IRL",6,66849
"1261","IRL",7,365631
"1262","IRL",8,90466
"1263","IRL",9,227751
"1264","IRL",10,263589
"1265","IRL",11,475520
"1266","IRL",12,129347
"1267","IRL",13,147490
"1268","IRL",14,152516
"1269","IRL",15,139570
"1270","IRL",16,308026
"1271","IRL",17,224132
"1272","IRL",18,169355
"1273","IRL",19,290284
"1274","IRL",20,276942
"1275","IRL",21,20939
"1276","IRL",22,9390
"1277","IRL",23,19669
"1278","IRL",24,7855
"1279","IRL",25,92072
"1280","IRL",26,28099
"1281","IRN",1,6680970
"1282","IRN",2,4066307
"1283","IRN",3,2916379
"1284","IRN",4,2748139
"1285","IRN",5,2589445
"1286","IRN",6,915440
"1287","IRN",7,4454148
"1288","IRN",8,2745420
"1289","IRN",9,6692116
"1290","IRN",10,738186
"1291","IRN",11,2350382
"1292","IRN",12,2572098
"1293","IRN",13,2777979
"1294","IRN",14,4878563
"1295","IRN",15,1310080
"1296","IRN",16,2023333
"1297","IRN",17,1992774
"1298","IRN",18,9528497
"1299","IRN",19,1291395
"1300","IRN",20,3331942
"1301","IRN",21,1041417
"1302","IRN",22,17351276
"1303","IRN",23,4916946
"1304","IRN",24,2219136
"1305","IRN",25,1684156
"1306","IRN",26,3979452
"1307","IRN",27,4411227
"1308","IRN",28,1271278
"1309","IRN",29,2462930
"1310","IRN",30,1860197
"1311","IRN",31,3522125
"1312","IRQ",1,2425255.71
"1313","IRQ",2,3198300.66
"1314","IRQ",3,929783.75
"1315","IRQ",4,1798651.34
"1316","IRQ",5,1319538.83
"1317","IRQ",6,2447664.83
"1318","IRQ",7,2092230.39
"1319","IRQ",8,1693574.31
"1320","IRQ",9,2932526.72
"1321","IRQ",10,4423225.38
"1322","IRQ",11,2350057.75
"1323","IRQ",12,2575250.66
"1324","IRQ",13,2378518.99
"1325","IRQ",14,1247187.76
"1326","IRQ",15,1276491.02
"1327","IRQ",16,4078761.71
"1328","IRQ",17,3316431.03
"1329","IRQ",18,1485862.2
"1330","ISL",1,11848.1
"1331","ISL",2,27417.04
"1332","ISL",3,215265.58
"1333","ISL",4,6078.94
"1334","ISL",5,25723.98
"1335","ISL",6,23819.46
"1336","ISL",7,5655.17
"1337","ISL",8,13814.41
"1338","ISR",1,1938662
"1339","ISR",2,2050461
"1340","ISR",3,6166809
"1341","ISR",4,828288
"1342","ISR",5,2762286
"1343","ISR",6,8687479
"1344","ISR",7,7373285
"1345","ITA",1,1298547.3
"1346","ITA",2,3846017.01
"1347","ITA",3,539963.59
"1348","ITA",4,1816623.64
"1349","ITA",5,5592168.04
"1350","ITA",6,4493272.18
"1351","ITA",7,1199412.9
"1352","ITA",8,5643498.44
"1353","ITA",9,1487750.46
"1354","ITA",10,10018457.92
"1355","ITA",11,1575202.1
"1356","ITA",12,296414.69
"1357","ITA",13,4337290.65
"1358","ITA",14,1579280.44
"1359","ITA",15,4759512.82
"1360","ITA",16,3694552.1
"1361","ITA",17,1066305.63
"1362","ITA",18,903031.41
"1363","ITA",19,124734.36
"1364","ITA",20,4963509.13
"1365","JAM",1,260374.06
"1366","JAM",2,68540.97
"1367","JAM",3,73109.72
"1368","JAM",4,197383.24
"1369","JAM",5,83672.41
"1370","JAM",6,607836.98
"1371","JAM",7,174377.52
"1372","JAM",8,553439.3
"1373","JAM",9,154396.57
"1374","JAM",10,184299.69
"1375","JAM",11,110894.84
"1376","JAM",12,98403.61
"1377","JAM",13,78635.78
"1378","JAM",14,147606.38
"1379","JEY",1,5807
"1380","JEY",2,3350
"1381","JEY",3,7271
"1382","JEY",4,9972
"1383","JEY",5,29121
"1384","JEY",6,10132
"1385","JEY",7,284588
"1386","JEY",8,3761525
"1387","JEY",9,246598
"1388","JEY",10,1436638
"1389","JEY",11,2216128
"1390","JEY",12,248582
"1391","JOR",1,233856.16
"1392","JOR",2,2852085.29
"1393","JOR",3,170151.46
"1394","JOR",4,960087.65
"1395","JOR",5,1587025.55
"1396","JOR",6,149534.47
"1397","JOR",7,311037.76
"1398","JOR",8,141459.48
"1399","JOR",9,215202.03
"1400","JOR",10,449010
"1401","JOR",11,113548.29
"1402","JOR",12,968530.55
"1403","JPN",1,7415954.63
"1404","JPN",2,937403.05
"1405","JPN",3,1209783.94
"1406","JPN",4,5973182.09
"1407","JPN",5,1280412.78
"1408","JPN",6,745265.17
"1409","JPN",7,4859738.55
"1410","JPN",8,1850591.31
"1411","JPN",9,1985851.27
"1412","JPN",10,1933833.3
"1413","JPN",11,2642072.68
"1414","JPN",12,5055183.26
"1415","JPN",13,5354576.45
"1416","JPN",14,2861895.6
"1417","JPN",15,1116075.38
"1418","JPN",16,1181846.96
"1419","JPN",17,883726.73
"1420","JPN",18,1514419.43
"1421","JPN",19,8939506.11
"1422","JPN",20,669975.81
"1423","JPN",21,1700220.98
"1424","JPN",22,2558492.58
"1425","JPN",23,1741717.17
"1426","JPN",24,2235848.85
"1427","JPN",25,1046902.86
"1428","JPN",26,2008706.21
"1429","JPN",27,1229026.35
"1430","JPN",28,1292745.26
"1431","JPN",29,2180227.79
"1432","JPN",30,1095045.19
"1433","JPN",31,1868579.28
"1434","JPN",32,1352546.42
"1435","JPN",33,8524836.38
"1436","JPN",34,802031.63
"1437","JPN",35,7411459.09
"1438","JPN",36,1423368.38
"1439","JPN",37,672639.9
"1440","JPN",38,3580756.43
"1441","JPN",39,1938628.83
"1442","JPN",40,701755.66
"1443","JPN",41,14044234.73
"1444","JPN",42,497895.98
"1445","JPN",43,1009325.73
"1446","JPN",44,886257.81
"1447","JPN",45,1047367.34
"1448","JPN",46,1297997.77
"1449","JPN",47,802343.82
"1450","KAZ",1,3992004.41
"1451","KAZ",2,1878374.6
"1452","KAZ",3,922073.13
"1453","KAZ",4,532554.45
"1454","KAZ",5,1322676.01
"1455","KAZ",6,812392.72
"1456","KAZ",7,504246.47
"1457","KAZ",8,714252.89
"1458","KAZ",9,1316938.53
"1459","KAZ",10,795191.33
"1460","KAZ",11,844290.84
"1461","KAZ",12,3267311.56
"1462","KAZ",13,607699.54
"1463","KAZ",14,1095901.98
"1464","KEN",1,654261.57
"1465","KEN",2,900420.52
"1466","KEN",3,1836855.17
"1467","KEN",4,826250.48
"1468","KEN",5,410399.24
"1469","KEN",6,572978.74
"1470","KEN",7,939839.33
"1471","KEN",8,1061314.86
"1472","KEN",9,215492.04
"1473","KEN",10,821857.41
"1474","KEN",11,1648815.02
"1475","KEN",12,914419.72
"1476","KEN",13,1734236.38
"1477","KEN",14,1292421.09
"1478","KEN",15,575989.59
"1479","KEN",16,1286110.25
"1480","KEN",17,1093931.24
"1481","KEN",18,1129154.47
"1482","KEN",19,733366.93
"1483","KEN",20,473405.18
"1484","KEN",21,115628.46
"1485","KEN",22,1214995.95
"1486","KEN",23,1003395.73
"1487","KEN",24,1703139.61
"1488","KEN",25,316342.23
"1489","KEN",26,1523504.66
"1490","KEN",27,1032090.72
"1491","KEN",28,1045106.42
"1492","KEN",29,1029964.13
"1493","KEN",30,3937684.85
"1494","KEN",31,1965218
"1495","KEN",32,935248.63
"1496","KEN",33,1079271.97
"1497","KEN",34,683334.55
"1498","KEN",35,657956.94
"1499","KEN",36,745255.21
"1500","KEN",37,269103.11
"1501","KEN",38,966690.64
"1502","KEN",39,334826.09
"1503","KEN",40,341389.61
"1504","KEN",41,401666.22
"1505","KEN",42,989581.55
"1506","KEN",43,1009966.61
"1507","KEN",44,1123861.94
"1508","KEN",45,612154.25
"1509","KEN",46,1103622
"1510","KEN",47,649806.85
"1511","KGZ",1,427674.82
"1512","KGZ",2,1167423.49
"1513","KGZ",3,830130.39
"1514","KGZ",4,1217853.31
"1515","KGZ",5,285451.58
"1516","KGZ",6,353641.39
"1517","KGZ",7,1233850.71
"1518","KGZ",8,280488.97
"1519","KGZ",9,455679.77
"1520","KHM",1,809701.16
"1521","KHM",2,1680075.48
"1522","KHM",3,809227.51
"1523","KHM",4,476738.46
"1524","KHM",5,765257.74
"1525","KHM",6,648232.31
"1526","KHM",7,671105.85
"1527","KHM",8,1372930.2
"1528","KHM",9,142203.92
"1529","KHM",10,39560.32
"1530","KHM",11,391856.99
"1531","KHM",12,351852.3
"1532","KHM",13,224034.22
"1533","KHM",14,134871.16
"1534","KHM",15,862223.58
"1535","KHM",16,1994528.42
"1536","KHM",17,383261.28
"1537","KHM",18,338227.03
"1538","KHM",19,831669.01
"1539","KHM",20,237267.85
"1540","KHM",21,1379129.38
"1541","KHM",22,146772.67
"1542","KHM",23,426062.1
"1543","KHM",24,792670.22
"1544","KHM",25,839424.79
"1545","KNA",1,3131.09
"1546","KNA",2,2283.7
"1547","KNA",3,11253.29
"1548","KNA",4,3553.58
"1549","KNA",5,2422.51
"1550","KNA",6,3202.63
"1551","KNA",7,5656.27
"1552","KNA",8,3487.92
"1553","KNA",9,2224.95
"1554","KNA",10,2033.82
"1555","KNA",11,5282.22
"1556","KNA",12,2132.53
"1557","KNA",13,2074.32
"1558","KNA",14,1483.56
"1559","KOR",1,2804346.9
"1560","KOR",2,1652404.26
"1561","KOR",3,1959052.27
"1562","KOR",4,2027145.28
"1563","KOR",5,1567598.73
"1564","KOR",6,1436449.58
"1565","KOR",7,1371080.82
"1566","KOR",8,15100533.47
"1567","KOR",9,2889262.21
"1568","KOR",10,3343881.26
"1569","KOR",11,2825688.8
"1570","KOR",12,543629.93
"1571","KOR",13,1629851.31
"1572","KOR",14,1659701.82
"1573","KOR",15,58403.18
"1574","KOR",16,8862525.1
"1575","KOR",17,974616.82
"1576","KWT",1,826646.46
"1577","KWT",2,1240854.06
"1578","KWT",3,417055.9
"1579","KWT",4,484053.14
"1580","KWT",5,855814.17
"1581","KWT",6,472223.88
"1582","LAO",1,150950.44
"1583","LAO",2,186761.73
"1584","LAO",3,379912.66
"1585","LAO",4,744570.37
"1586","LAO",5,291952.23
"1587","LAO",6,422149.65
"1588","LAO",7,181537.24
"1589","LAO",8,435903.96
"1590","LAO",9,328584.28
"1591","LAO",10,153226.49
"1592","LAO",11,432367.94
"1593","LAO",12,1041124.29
"1594","LAO",13,975012.23
"1595","LAO",14,489882.87
"1596","LAO",15,389140.98
"1597","LAO",16,82835.99
"1598","LAO",17,131116.91
"1599","LAO",18,259628.63
"1600","LBN",1,113314.11
"1601","LBN",2,320651.63
"1602","LBN",3,517573.09
"1603","LBN",4,306076.17
"1604","LBN",5,2707001.28
"1605","LBN",6,450085.9
"1606","LBN",7,691395.59
"1607","LBN",8,720299.02
"1608","LBR",1,178436.08
"1609","LBR",2,408415.28
"1610","LBR",3,115081
"1611","LBR",4,175627.1
"1612","LBR",5,278144.44
"1613","LBR",6,187430.11
"1614","LBR",7,61381.96
"1615","LBR",8,364585.87
"1616","LBR",9,423266.31
"1617","LBR",10,207919.64
"1618","LBR",11,1639924.09
"1619","LBR",12,632117.86
"1620","LBR",13,109290.23
"1621","LBR",14,112356.28
"1622","LBR",15,134468.64
"1623","LBY",1,172937.26
"1624","LBY",2,235448.86
"1625","LBY",3,312567.36
"1626","LBY",4,222290.99
"1627","LBY",5,57296.55
"1628","LBY",6,53746.11
"1629","LBY",7,131704.96
"1630","LBY",8,568479.89
"1631","LBY",9,196341.98
"1632","LBY",10,326540.65
"1633","LBY",11,408983.29
"1634","LBY",12,829187.88
"1635","LBY",13,162004.92
"1636","LBY",14,25826.67
"1637","LBY",15,421707.97
"1638","LBY",16,85004.22
"1639","LBY",17,111522.65
"1640","LBY",18,147783.1
"1641","LBY",19,154108.75
"1642","LBY",20,1457174.83
"1643","LBY",21,86662.84
"1644","LBY",22,86795.56
"1645","LCA",1,10260.73
"1646","LCA",2,3072.7
"1647","LCA",3,66508.03
"1648","LCA",4,5605.31
"1649","LCA",5,14038.64
"1650","LCA",6,33227.21
"1651","LCA",7,6475.6
"1652","LCA",8,21049.15
"1653","LCA",9,8982.97
"1654","LCA",10,18224.03
"1655","LIE",1,4648.28
"1656","LIE",2,3809.3
"1657","LIE",3,1893.45
"1658","LIE",4,3584.24
"1659","LIE",5,152.18
"1660","LIE",6,2391.55
"1661","LIE",7,5450.83
"1662","LIE",8,623.95
"1663","LIE",9,4348.42
"1664","LIE",10,3060.4
"1665","LIE",11,8303.86
"1666","LKA",1,664415.71
"1667","LKA",2,935011.84
"1668","LKA",3,822179.82
"1669","LKA",4,469910.32
"1670","LKA",5,2285417.88
"1671","LKA",6,1094865.27
"1672","LKA",7,2443592.97
"1673","LKA",8,640300.36
"1674","LKA",9,573906.6
"1675","LKA",10,1301482.8
"1676","LKA",11,1437278.3
"1677","LKA",12,863634.96
"1678","LKA",13,77231.91
"1679","LKA",14,1733797.93
"1680","LKA",15,86245.21
"1681","LKA",16,505534.31
"1682","LKA",17,816202.49
"1683","LKA",18,485155.57
"1684","LKA",19,50121.62
"1685","LKA",20,693370.3
"1686","LKA",21,425872.98
"1687","LKA",22,782409.72
"1688","LKA",23,1126082.46
"1689","LKA",24,402237.18
"1690","LKA",25,166817.75
"1691","LSO",1,331489.89
"1692","LSO",2,130141.82
"1693","LSO",3,331100.25
"1694","LSO",4,205466.9
"1695","LSO",5,543352.78
"1696","LSO",6,190363.21
"1697","LSO",7,137489.57
"1698","LSO",8,83800.2
"1699","LSO",9,141243.78
"1700","LSO",10,149970.16
"1701","LTU",1,136654.77
"1702","LTU",2,545075.71
"1703","LTU",3,319888.86
"1704","LTU",4,143800.28
"1705","LTU",5,214919.62
"1706","LTU",6,260805.36
"1707","LTU",7,85480.38
"1708","LTU",8,132805.59
"1709","LTU",9,128752.99
"1710","LTU",10,822106.48
"1711","LUX",1,12739
"1712","LUX",2,47116
"1713","LUX",3,31387
"1714","LVA",1,252150.07
"1715","LVA",2,286452.78
"1716","LVA",3,937053.9
"1717","LVA",4,196899.03
"1718","LVA",5,240826.84
"1719","MAC",1,116893.2
"1720","MAC",2,433093.14
"1721","MAR",1,18047
"1722","MAR",2,5434960
"1723","MAR",3,3611382
"1724","MAR",4,3192438
"1725","MAR",5,4188800
"1726","MAR",6,5234883
"1727","MAR",7,2355746
"1728","MAR",8,4826817
"1729","MAR",9,2555265
"1730","MAR",10,2744594
"1731","MAR",11,2094679
"1732","MAR",12,2012086
"1733","MAR",13,3027086
"1734","MAR",14,3382408
"1735","MAR",15,1179843
"1736","MDA",1,104061.77
"1737","MDA",2,106170.1
"1738","MDA",3,20354.15
"1739","MDA",4,84584.22
"1740","MDA",5,79002.26
"1741","MDA",6,178907.97
"1742","MDA",7,71127.85
"1743","MDA",8,67029.28
"1744","MDA",9,78813.71
"1745","MDA",10,753363.58
"1746","MDA",11,68846.96
"1747","MDA",12,55970.35
"1748","MDA",13,34206.16
"1749","MDA",14,104473.01
"1750","MDA",15,33053.94
"1751","MDA",16,78474.13
"1752","MDA",17,93921.81
"1753","MDA",18,111039.57
"1754","MDA",19,125124.89
"1755","MDA",20,61419.28
"1756","MDA",21,138320.62
"1757","MDA",22,125385.84
"1758","MDA",23,52670.11
"1759","MDA",24,56723.45
"1760","MDA",25,45584.67
"1761","MDA",26,112230.59
"1762","MDA",27,52219.78
"1763","MDA",28,61556.36
"1764","MDA",29,91938.99
"1765","MDA",30,41490.41
"1766","MDA",31,94145.86
"1767","MDA",32,70569.2
"1768","MDA",33,85894.75
"1769","MDA",34,44937.93
"1770","MDA",35,72785.07
"1771","MDA",36,433344.63
"1772","MDA",37,107945.26
"1773","MDG",1,6941128.37
"1774","MDG",2,1808052.31
"1775","MDG",3,5077933.06
"1776","MDG",4,3078311.93
"1777","MDG",5,3402366.42
"1778","MDG",6,3802659.32
"1779","MEX",1,1376614.75
"1780","MEX",2,962218.83
"1781","MEX",3,3624951.06
"1782","MEX",4,926844.07
"1783","MEX",5,5808133.18
"1784","MEX",6,3637355.99
"1785","MEX",7,3615992.94
"1786","MEX",8,828366.77
"1787","MEX",9,7977494.55
"1788","MEX",10,1439299.72
"1789","MEX",11,6673846.63
"1790","MEX",12,3854703.64
"1791","MEX",13,3741778.79
"1792","MEX",14,9241770.8
"1793","MEX",15,18668938.52
"1794","MEX",16,5028472.1
"1795","MEX",17,2101277.27
"1796","MEX",18,1253469.8
"1797","MEX",19,9815071.37
"1798","MEX",20,4326296.79
"1799","MEX",21,6865079.29
"1800","MEX",22,2354218.66
"1801","MEX",23,1752576.65
"1802","MEX",24,2842109.59
"1803","MEX",25,2965982.4
"1804","MEX",26,3153938.42
"1805","MEX",27,2692388.56
"1806","MEX",28,3729784.6
"1807","MEX",29,1129552.9
"1808","MEX",30,8259142.75
"1809","MEX",31,2199763.45
"1810","MEX",32,1744305.09
"1811","MKD",1,81789.99
"1812","MKD",2,14305.99
"1813","MKD",3,12489.71
"1814","MKD",4,90543.16
"1815","MKD",5,9413.7
"1816","MKD",6,31725.21
"1817","MKD",7,14524.08
"1818","MKD",8,15382.52
"1819","MKD",9,98032.64
"1820","MKD",10,6878.01
"1821","MKD",11,7702.74
"1822","MKD",12,9101.51
"1823","MKD",13,7192.66
"1824","MKD",14,7030.52
"1825","MKD",15,18064.65
"1826","MKD",16,20849.17
"1827","MKD",17,4841.27
"1828","MKD",18,15988.41
"1829","MKD",19,8012.15
"1830","MKD",20,3659.69
"1831","MKD",21,14757.75
"1832","MKD",22,2971.1
"1833","MKD",23,80768.13
"1834","MKD",24,22133.81
"1835","MKD",25,37178.19
"1836","MKD",26,83506.35
"1837","MKD",27,3421.8
"1838","MKD",28,18806.88
"1839","MKD",29,10048.34
"1840","MKD",30,4492.42
"1841","MKD",31,59882.45
"1842","MKD",32,38955.48
"1843","MKD",33,29650.23
"1844","MKD",34,23377.04
"1845","MKD",35,38077.23
"1846","MKD",36,3558.13
"1847","MKD",37,8515.63
"1848","MKD",38,19100.49
"1849","MKD",39,5491.09
"1850","MKD",40,9708.79
"1851","MKD",41,107591.53
"1852","MKD",42,4451.01
"1853","MKD",43,30285.07
"1854","MKD",44,2354.29
"1855","MKD",45,7573.9
"1856","MKD",46,5879.52
"1857","MKD",47,9037.24
"1858","MKD",48,6248.18
"1859","MKD",49,19684.86
"1860","MKD",50,3176.82
"1861","MKD",51,10784.57
"1862","MKD",52,48847.88
"1863","MKD",53,11158.62
"1864","MKD",54,4868.91
"1865","MKD",55,9092.17
"1866","MKD",56,5142.84
"1867","MKD",57,75593.86
"1868","MKD",58,15217.09
"1869","MKD",59,29458.37
"1870","MKD",60,3851.16
"1871","MKD",61,15390.48
"1872","MKD",62,4148.77
"1873","MKD",63,46368.15
"1874","MKD",64,40734.04
"1875","MKD",65,3199.16
"1876","MKD",66,3627.84
"1877","MKD",67,48392.03
"1878","MKD",68,65066.43
"1879","MKD",69,55697.47
"1880","MKD",70,19113.05
"1881","MKD",71,21668.43
"1882","MKD",72,17531.66
"1883","MKD",73,24837.55
"1884","MKD",74,92745.58
"1885","MKD",75,11530.49
"1886","MKD",76,14590.42
"1887","MKD",77,54747.24
"1888","MKD",78,1718.77
"1889","MKD",79,20133.87
"1890","MKD",80,1315.3
"1891","MKD",81,28900.34
"1892","MKD",82,12043.42
"1893","MKD",83,5111.76
"1894","MKD",84,30846.15
"1895","MKD",85,1769.26
"1896","MLI",1,2318097.96
"1897","MLI",2,669068.51
"1898","MLI",3,2322243.71
"1899","MLI",4,88331.89
"1900","MLI",5,3168133.43
"1901","MLI",6,2315180.43
"1902","MLI",7,2689222.15
"1903","MLI",8,3147141.33
"1904","MLI",9,837834.56
"1905","MLT",1,92992.46
"1906","MLT",2,29737.73
"1907","MLT",3,96219.37
"1908","MLT",4,94944.9
"1909","MLT",5,87740.26
"1910","MMR",1,5209101
"1911","MMR",2,8687067
"1912","MMR",3,2612928
"1913","MMR",4,68512
"1914","MMR",5,2610804
"1915","MMR",6,7943991
"1916","MMR",7,9078040
"1917","MMR",8,1922967
"1918","MMR",9,11668811
"1919","MMR",10,124466
"1920","MMR",11,294670
"1921","MMR",12,130816
"1922","MMR",13,326170
"1923","MMR",14,640827
"1924","MMR",15,144679
"1925","MNE",1,34329
"1926","MNE",2,25308
"1927","MNE",3,33645
"1928","MNE",4,45739
"1929","MNE",5,12255
"1930","MNE",6,35264
"1931","MNE",7,11570
"1932","MNE",8,112032
"1933","MNE",9,19949
"1934","MNE",10,37503
"1935","MNE",11,4160
"1936","MNE",12,337538
"1937","MNE",13,31511
"1938","MNE",14,22617
"1939","MNE",15,33967
"1940","MNE",16,0
"1941","MNE",17,0
"1942","MNE",18,6670
"1943","MNE",19,3104948
"1944","MNE",20,3283430
"1945","MNE",21,2816633
"1946","MNG",1,73239.66
"1947","MNG",2,80143.48
"1948","MNG",3,67954.8
"1949","MNG",4,45857.35
"1950","MNG",5,99100.55
"1951","MNG",6,63225.74
"1952","MNG",7,64971.07
"1953","MNG",8,29002.38
"1954","MNG",9,47081.67
"1955","MNG",10,44636.65
"1956","MNG",11,14041.3
"1957","MNG",12,60529.45
"1958","MNG",13,67345.21
"1959","MNG",14,110367.05
"1960","MNG",15,79448.82
"1961","MNG",16,106547.49
"1962","MNG",17,91060.02
"1963","MNG",18,92122.99
"1964","MNG",19,46711.67
"1965","MNG",20,77347.76
"1966","MNG",21,1756433.38
"1967","MNG",22,59403.56
"1968","MNP",2,2571.54
"1969","MNP",3,49447.27
"1970","MNP",4,3356.86
"1971","MOZ",1,2269613.41
"1972","MOZ",2,1586040.31
"1973","MOZ",3,1548777.26
"1974","MOZ",4,2441838.98
"1975","MOZ",5,2649340.56
"1976","MOZ",6,856480.54
"1977","MOZ",7,6235714.56
"1978","MOZ",8,2262037.59
"1979","MOZ",9,2418872.25
"1980","MOZ",10,3631159.03
"1981","MOZ",11,5975866.6
"1982","MRT",1,66893.57
"1983","MRT",2,361791.24
"1984","MRT",3,353038.48
"1985","MRT",4,140714.92
"1986","MRT",5,370142.52
"1987","MRT",6,296419.72
"1988","MRT",7,507867.77
"1989","MRT",8,333825.86
"1990","MRT",9,24179.76
"1991","MRT",10,1147106.16
"1992","MRT",11,91814.97
"1993","MRT",12,59875.13
"1994","MRT",13,282500.17
"1995","MSR",1,0.51
"1996","MSR",3,5129.63
"1997","MTQ",1,450847
"1998","MTQ",2,198736
"1999","MTQ",3,502340
"2000","MTQ",4,422487
"2001","MUS",1,209.86
"2002","MUS",2,78838.33
"2003","MUS",3,138135.24
"2004","MUS",4,96126.13
"2005","MUS",5,88574.04
"2006","MUS",6,136064.28
"2007","MUS",7,366504.92
"2008","MUS",8,107089.84
"2009","MUS",9,110762.75
"2010","MUS",10,43451.31
"2011","MUS",12,68753.02
"2012","MWI",1,405602.06
"2013","MWI",2,1246788.95
"2014","MWI",3,552612.68
"2015","MWI",4,358605.56
"2016","MWI",5,240704.48
"2017","MWI",6,809158.64
"2018","MWI",7,740518.73
"2019","MWI",8,352656.32
"2020","MWI",9,818661.32
"2021","MWI",10,12421.74
"2022","MWI",11,2706569.02
"2023","MWI",12,659627.29
"2024","MWI",13,1038195.98
"2025","MWI",14,620338.73
"2026","MWI",15,647246.61
"2027","MWI",16,127812.83
"2028","MWI",17,1148124.66
"2029","MWI",18,146424.77
"2030","MWI",19,284218.21
"2031","MWI",20,393476.34
"2032","MWI",21,297427.18
"2033","MWI",22,599603.62
"2034","MWI",23,293442.86
"2035","MWI",24,406617.93
"2036","MWI",25,221703.05
"2037","MWI",26,456098.9
"2038","MWI",27,766280.08
"2039","MWI",28,814937.28
"2040","MYS",1,3815334.92
"2041","MYS",2,2147441.91
"2042","MYS",3,1554980.28
"2043","MYS",4,1927380.52
"2044","MYS",5,84488.95
"2045","MYS",6,937281.45
"2046","MYS",7,1122279.31
"2047","MYS",8,1567721.57
"2048","MYS",9,2515384.83
"2049","MYS",10,235854.25
"2050","MYS",11,1707753.98
"2051","MYS",12,78729.68
"2052","MYS",13,3946815.24
"2053","MYS",14,2660413.06
"2054","MYS",15,6653979.94
"2055","MYS",16,1064092.18
"2056","MYT",1,4865.47
"2057","MYT",2,12965.58
"2058","MYT",3,10214.06
"2059","MYT",4,7471.67
"2060","MYT",5,7082.26
"2061","MYT",6,10736.56
"2062","MYT",7,14425.84
"2063","MYT",8,16478.65
"2064","MYT",9,5428.64
"2065","MYT",10,37106.38
"2066","MYT",11,4186.65
"2067","MYT",12,69854.13
"2068","MYT",13,8441.33
"2069","MYT",14,14457.72
"2070","MYT",15,12083.73
"2071","MYT",16,13990.23
"2072","MYT",17,12494.66
"2073","NAM",1,94801.36
"2074","NAM",2,232440.82
"2075","NAM",3,103165.5
"2076","NAM",4,266990.69
"2077","NAM",5,508302.94
"2078","NAM",6,117451.51
"2079","NAM",7,291586.46
"2080","NAM",8,84551.83
"2081","NAM",9,288568.77
"2082","NAM",10,216067.67
"2083","NAM",11,229773.04
"2084","NAM",12,175690.5
"2085","NAM",13,114157.45
"2086","NCL",1,9540.67
"2087","NCL",2,42227.41
"2088","NCL",3,213937.69
"2089","NER",1,561925.55
"2090","NER",2,709416.74
"2091","NER",3,2304004.67
"2092","NER",4,3902787.74
"2093","NER",5,1131412.72
"2094","NER",6,3954830.47
"2095","NER",7,3099849.89
"2096","NER",8,4215939.3
"2097","NGA",1,3990068.71
"2098","NGA",2,4422413.82
"2099","NGA",3,6056790.26
"2100","NGA",4,5767902.02
"2101","NGA",5,6934060.07
"2102","NGA",6,2460935.7
"2103","NGA",7,6097623.03
"2104","NGA",8,6248000.84
"2105","NGA",9,3829142.19
"2106","NGA",10,5955784.88
"2107","NGA",11,3049941.44
"2108","NGA",12,4464708.02
"2109","NGA",13,3437835.58
"2110","NGA",14,4583167.33
"2111","NGA",15,4623436.86
"2112","NGA",16,3542020.72
"2113","NGA",17,5769919.91
"2114","NGA",18,6147757.1
"2115","NGA",19,8788300.69
"2116","NGA",20,14056400.24
"2117","NGA",21,8294936.29
"2118","NGA",22,4749958.25
"2119","NGA",23,4741778.78
"2120","NGA",24,3356101.01
"2121","NGA",25,13198251.37
"2122","NGA",26,2685291.67
"2123","NGA",27,5964372.54
"2124","NGA",28,5769420.32
"2125","NGA",29,4962438.94
"2126","NGA",30,5070862.18
"2127","NGA",31,8338009.61
"2128","NGA",32,4551194.64
"2129","NGA",33,7244412.73
"2130","NGA",34,5351289.37
"2131","NGA",35,3221398.69
"2132","NGA",36,3558627.71
"2133","NGA",37,4748085.54
"2134","NIC",1,553416.67
"2135","NIC",2,399143.69
"2136","NIC",3,163506.84
"2137","NIC",4,179892.21
"2138","NIC",5,387874.31
"2139","NIC",6,154017.29
"2140","NIC",7,235732.66
"2141","NIC",8,164275.87
"2142","NIC",9,541772.3
"2143","NIC",10,29470.83
"2144","NIC",11,360356.25
"2145","NIC",12,163721.38
"2146","NIC",13,1493268.63
"2147","NIC",14,352493.93
"2148","NIC",15,631767.31
"2149","NIC",16,270042.78
"2150","NIC",17,143323.01
"2151","NIC",18,145114.18
"2152","NLD",1,511821.16
"2153","NLD",2,455898.65
"2154","NLD",3,656973.39
"2155","NLD",4,2045669.7
"2156","NLD",5,563820.34
"2157","NLD",6,9173.75
"2158","NLD",7,1075746.01
"2159","NLD",8,2503372.26
"2160","NLD",9,2805013.36
"2161","NLD",10,1158099.44
"2162","NLD",11,1327580.27
"2163","NLD",12,374165.69
"2164","NLD",13,10129.57
"2165","NLD",14,3626561.88
"2166","NOR",1,764099
"2167","NOR",2,479584
"2168","NOR",3,1700967
"2169","NOR",4,1188297
"2170","NOR",5,875986
"2171","NOR",6,280536
"2172","NOR",7,417164
"2173","NOR",8,556137
"2174","NOR",9,428269
"2175","NOR",10,617224
"2176","NOR",11,1077847
"2177","NOR",12,1009124
"2178","NOR",13,616754
"2179","NOR",14,125161
"2180","NOR",15,369785
"2181","NOR",16,253103
"2182","NOR",17,392997
"2183","NOR",18,200915
"2184","NOR",19,576352
"2185","NPL",1,12445402.57
"2186","NPL",2,7565374.82
"2187","NPL",3,3380147.22
"2188","NPL",4,2773141.69
"2189","NPL",5,3915088.31
"2190","NRU",1,406.73
"2191","NRU",2,556.34
"2192","NRU",3,635.3
"2193","NRU",4,202.46
"2194","NRU",5,559.76
"2195","NRU",6,638.34
"2196","NRU",7,431.28
"2197","NRU",8,1002.81
"2198","NRU",9,293.3
"2199","NRU",10,127.58
"2200","NRU",11,347.5
"2201","NRU",12,427.17
"2202","NRU",13,43.91
"2203","NRU",14,624.96
"2204","NZL",1,1531523.3
"2205","NZL",2,291095.29
"2206","NZL",3,609966.02
"2207","NZL",4,596.13
"2208","NZL",5,45143.44
"2209","NZL",6,163168.26
"2210","NZL",7,234456.57
"2211","NZL",8,46080.57
"2212","NZL",9,51834.48
"2213","NZL",11,155152.47
"2214","NZL",12,201557.28
"2215","NZL",14,99435.43
"2216","NZL",15,121677
"2217","NZL",16,49744.9
"2218","NZL",17,442463.99
"2219","NZL",18,520663.68
"2220","NZL",19,34127.9
"2221","OMN",1,664742.72
"2222","OMN",2,896646.25
"2223","OMN",3,452510.38
"2224","OMN",4,86128.39
"2225","OMN",5,223535.87
"2226","OMN",6,152177.89
"2227","OMN",7,290748.94
"2228","OMN",8,200272.38
"2229","OMN",9,461315.67
"2230","OMN",10,47939.53
"2231","OMN",11,1307013.72
"2232","PAK",1,2923444.75
"2233","PAK",2,7000650.94
"2234","PAK",3,4350680.18
"2235","PAK",4,2036081.39
"2236","PAK",5,29402063.27
"2237","PAK",6,880850.32
"2238","PAK",7,112379709
"2239","PAK",8,43352732.09
"2240","PAN",1,175336.95
"2241","PAN",2,485160.89
"2242","PAN",3,274796.92
"2243","PAN",4,273149.94
"2244","PAN",5,58192.08
"2245","PAN",6,12496.59
"2246","PAN",7,120355.28
"2247","PAN",8,21922.54
"2248","PAN",9,98333.45
"2249","PAN",10,220826.21
"2250","PAN",11,586722.49
"2251","PAN",12,1545254.99
"2252","PAN",13,253825.92
"2253","PER",1,407342.67
"2254","PER",2,1115244.7
"2255","PER",3,406782.09
"2256","PER",4,1476108.31
"2257","PER",5,748034.95
"2258","PER",6,1462559.71
"2259","PER",7,863515.96
"2260","PER",8,1307712.49
"2261","PER",9,548331.05
"2262","PER",10,853690.75
"2263","PER",11,840591.08
"2264","PER",12,1498914.73
"2265","PER",13,1967764.2
"2266","PER",14,1248251.15
"2267","PER",15,9815005.6
"2268","PER",16,985289.15
"2269","PER",17,1089365.5
"2270","PER",18,170886.34
"2271","PER",19,189884.9
"2272","PER",20,344018.25
"2273","PER",21,1889551.3
"2274","PER",22,1491265.5
"2275","PER",23,961788.53
"2276","PER",24,361019.55
"2277","PER",25,232594.25
"2278","PER",26,586147.72
"2279","PHL",1,245012
"2280","PHL",2,723186.05
"2281","PHL",3,840398.81
"2282","PHL",4,587350.39
"2283","PHL",5,1296369.1
"2284","PHL",6,580339.45
"2285","PHL",7,142666.81
"2286","PHL",8,234033.5
"2287","PHL",9,193570.93
"2288","PHL",10,755879.12
"2289","PHL",11,16807.17
"2290","PHL",12,2813220.86
"2291","PHL",13,901753.06
"2292","PHL",14,158033.46
"2293","PHL",15,1222142.38
"2294","PHL",16,1747630.63
"2295","PHL",17,3416381.41
"2296","PHL",18,1281396.57
"2297","PHL",19,609076.62
"2298","PHL",20,2195935.11
"2299","PHL",21,63969.43
"2300","PHL",22,756766.4
"2301","PHL",23,251942.87
"2302","PHL",24,3973541.45
"2303","PHL",25,5007993.71
"2304","PHL",26,871566.58
"2305","PHL",27,1339150.23
"2306","PHL",28,2634819.45
"2307","PHL",29,601588.89
"2308","PHL",30,113192.09
"2309","PHL",31,418469.19
"2310","PHL",32,200023.69
"2311","PHL",33,225882.54
"2312","PHL",34,622445.18
"2313","PHL",35,702699.68
"2314","PHL",36,2480773.64
"2315","PHL",37,1767828.91
"2316","PHL",38,284040.46
"2317","PHL",39,781354.42
"2318","PHL",40,3574220.77
"2319","PHL",41,1152829.56
"2320","PHL",42,569429.01
"2321","PHL",43,1839317.08
"2322","PHL",44,877635.6
"2323","PHL",45,213085.69
"2324","PHL",46,918507.22
"2325","PHL",47,12413009.83
"2326","PHL",48,633745.15
"2327","PHL",49,1764152.17
"2328","PHL",50,172390.83
"2329","PHL",51,2884781.12
"2330","PHL",52,1426194.08
"2331","PHL",53,1642506.91
"2332","PHL",54,598664.85
"2333","PHL",55,2349564.29
"2334","PHL",56,500912.74
"2335","PHL",57,519434.29
"2336","PHL",58,922002.26
"2337","PHL",59,1282706.46
"2338","PHL",60,2688128.74
"2339","PHL",61,3158180.02
"2340","PHL",62,2196385.32
"2341","PHL",63,227438.57
"2342","PHL",64,3287493.31
"2343","PHL",65,247103.19
"2344","PHL",66,735180.49
"2345","PHL",67,560262.57
"2346","PHL",68,90961.16
"2347","PHL",69,760397.52
"2348","PHL",70,1615342.53
"2349","PHL",71,345206.26
"2350","PHL",72,1015554.27
"2351","PHL",73,345337.83
"2352","PHL",74,479958.88
"2353","PHL",75,579056.35
"2354","PHL",76,1356438.72
"2355","PHL",77,91759.86
"2356","PHL",78,859094.21
"2357","PHL",79,1103399.75
"2358","PHL",80,1943936.34
"2359","PHL",81,694643.04
"2360","PLW",1,399.48
"2361","PLW",2,4628.74
"2362","PLW",3,1245.64
"2363","PLW",5,105.94
"2364","PLW",6,7228.87
"2365","PLW",7,990.36
"2366","PLW",8,53.28
"2367","PLW",9,1659.12
"2368","PLW",10,54.03
"2369","PLW",11,1508.5
"2370","PLW",12,162.38
"2371","PLW",13,160.11
"2372","PLW",14,19.87
"2373","PLW",15,190.52
"2374","PNG",1,254548.77
"2375","PNG",2,251623.24
"2376","PNG",3,537646.83
"2377","PNG",4,271826.24
"2378","PNG",5,468368.82
"2379","PNG",6,677250.5
"2380","PNG",7,598623.08
"2381","PNG",8,115843.37
"2382","PNG",9,542483.39
"2383","PNG",10,510091.58
"2384","PNG",11,527446.25
"2385","PNG",12,38083.53
"2386","PNG",13,257419.26
"2387","PNG",14,670178.36
"2388","PNG",15,334229.35
"2389","PNG",16,143655.33
"2390","PNG",17,197757.04
"2391","PNG",18,235141.31
"2392","PNG",19,636672.09
"2393","PNG",20,253053.03
"2394","PNG",21,425829.04
"2395","PNG",22,184083.97
"2396","POL",1,3107868.28
"2397","POL",2,2091558.36
"2398","POL",3,2420420.01
"2399","POL",4,2113105.96
"2400","POL",5,1005013.72
"2401","POL",6,3363141.9
"2402","POL",7,5370192.88
"2403","POL",8,951637.58
"2404","POL",9,2113470.02
"2405","POL",10,1172502.37
"2406","POL",11,2328494.26
"2407","POL",12,4440944.46
"2408","POL",13,1243881.42
"2409","POL",14,1445957.61
"2410","POL",15,3487441.85
"2411","POL",16,1711594.01
"2412","PRI",1,19590.07
"2413","PRI",2,40350.95
"2414","PRI",3,56688.48
"2415","PRI",4,27427.25
"2416","PRI",5,25227.33
"2417","PRI",6,30726.23
"2418","PRI",7,90149.39
"2419","PRI",8,19845.57
"2420","PRI",9,26057.16
"2421","PRI",10,32583.49
"2422","PRI",11,201121.07
"2423","PRI",12,54014.96
"2424","PRI",13,142469.65
"2425","PRI",14,34338.87
"2426","PRI",15,56757.62
"2427","PRI",16,167483.16
"2428","PRI",17,25641.73
"2429","PRI",18,50212.65
"2430","PRI",19,10695.03
"2431","PRI",20,17872.95
"2432","PRI",21,40386.73
"2433","PRI",22,42851.34
"2434","PRI",23,20208.72
"2435","PRI",24,37143.44
"2436","PRI",25,1732.75
"2437","PRI",26,40359.1
"2438","PRI",27,31853.63
"2439","PRI",28,12454.81
"2440","PRI",29,17028.96
"2441","PRI",30,42726.53
"2442","PRI",31,19478.15
"2443","PRI",32,83598.27
"2444","PRI",33,59672.2
"2445","PRI",34,43952.53
"2446","PRI",35,16009.81
"2447","PRI",36,55514.37
"2448","PRI",37,46630.61
"2449","PRI",38,15790.24
"2450","PRI",39,47842.59
"2451","PRI",40,44486.8
"2452","PRI",41,23150.17
"2453","PRI",42,26824.59
"2454","PRI",43,8782.8
"2455","PRI",44,43410.91
"2456","PRI",45,18847.12
"2457","PRI",46,20230.57
"2458","PRI",47,42954.86
"2459","PRI",48,5789.53
"2460","PRI",49,11359.15
"2461","PRI",50,81174.97
"2462","PRI",51,41158.91
"2463","PRI",52,35061.81
"2464","PRI",53,29834.9
"2465","PRI",54,30396.24
"2466","PRI",55,23516.31
"2467","PRI",56,18798.69
"2468","PRI",57,22496.13
"2469","PRI",58,146771.27
"2470","PRI",59,26141.8
"2471","PRI",60,13615.64
"2472","PRI",61,51917.01
"2473","PRI",62,24253.36
"2474","PRI",63,30232.07
"2475","PRI",64,34661.77
"2476","PRI",65,360966.24
"2477","PRI",66,40567.46
"2478","PRI",67,41566.88
"2479","PRI",68,24723.41
"2480","PRI",69,86688.73
"2481","PRI",70,95072.76
"2482","PRI",71,72024.63
"2483","PRI",72,30583.68
"2484","PRI",73,36475.83
"2485","PRI",74,56249.72
"2486","PRI",75,8458.59
"2487","PRI",76,23284.12
"2488","PRI",77,34909.34
"2489","PRI",78,39147.56
"2490","PRK",1,6748898
"2491","PRK",2,4966216
"2492","PRK",3,350742
"2493","PRK",4,1297419
"2494","PRK",5,701958
"2495","PRK",6,44300
"2496","PRK",7,119460
"2497","PRK",8,89162
"2498","PRK",9,111707
"2499","PRK",10,131851
"2500","PRK",11,0
"2501","PRK",12,2964
"2502","PRK",13,58512
"2503","PRK",14,4381
"2504","PRT",1,660245.63
"2505","PRT",2,211983.17
"2506","PRT",3,137621.4
"2507","PRT",4,799459.94
"2508","PRT",5,120930.32
"2509","PRT",6,176859.89
"2510","PRT",7,400974.55
"2511","PRT",8,153069.56
"2512","PRT",9,473917.16
"2513","PRT",10,138866.65
"2514","PRT",11,454734.51
"2515","PRT",12,2203492.53
"2516","PRT",13,250171.29
"2517","PRT",14,104940
"2518","PRT",15,1721305.76
"2519","PRT",16,430233.23
"2520","PRT",17,852513.51
"2521","PRT",18,228126.96
"2522","PRT",19,184897.97
"2523","PRT",20,350085.47
"2524","PRY",1,17172.65
"2525","PRY",2,820530.86
"2526","PRY",3,168387.99
"2527","PRY",4,494759.95
"2528","PRY",5,65838.06
"2529","PRY",6,536966.88
"2530","PRY",7,180578.32
"2531","PRY",8,242276.66
"2532","PRY",9,2191503.39
"2533","PRY",10,240120.01
"2534","PRY",11,289716.14
"2535","PRY",12,213646.39
"2536","PRY",13,589888.46
"2537","PRY",14,117801.59
"2538","PRY",15,84476.32
"2539","PRY",16,243513.23
"2540","PRY",17,124268.9
"2541","PRY",18,414727.49
"2542","PSE",1,118632
"2543","PSE",2,266604
"2544","PYF",1,6539.75
"2545","PYF",2,198533.81
"2546","PYF",3,7228.18
"2547","PYF",4,26362.89
"2548","PYF",5,7742.58
"2549","QAT",1,1107940.91
"2550","QAT",2,38522.62
"2551","QAT",3,303318.76
"2552","QAT",4,210648.82
"2553","QAT",5,690574.63
"2554","QAT",6,10374.44
"2555","QAT",7,76220.04
"2556","REU",1,116625.85
"2557","REU",2,277166.52
"2558","REU",3,173645.48
"2559","REU",4,278559.33
"2560","ROU",1,172281.15
"2561","ROU",2,225003.86
"2562","ROU",3,320950.2
"2563","ROU",4,302504.11
"2564","ROU",5,308246.53
"2565","ROU",6,147472.99
"2566","ROU",7,208393.42
"2567","ROU",8,287411.81
"2568","ROU",9,156108.33
"2569","ROU",10,1019446.8
"2570","ROU",11,230876.25
"2571","ROU",12,8497620.88
"2572","ROU",13,147544.3
"2573","ROU",14,378620.65
"2574","ROU",15,364818.04
"2575","ROU",16,111151.24
"2576","ROU",17,277534.45
"2577","ROU",18,333902.35
"2578","ROU",19,261675.65
"2579","ROU",20,150174.51
"2580","ROU",21,169641.12
"2581","ROU",22,165881.4
"2582","ROU",23,203234.62
"2583","ROU",24,405825.58
"2584","ROU",25,144877.94
"2585","ROU",26,275102.05
"2586","ROU",27,247604.87
"2587","ROU",28,129620.47
"2588","ROU",29,292696.46
"2589","ROU",30,225340.85
"2590","ROU",31,218976.24
"2591","ROU",32,393567.81
"2592","ROU",33,113968.91
"2593","ROU",34,179679.11
"2594","ROU",35,209340.2
"2595","ROU",36,327043.91
"2596","ROU",37,186297.29
"2597","ROU",38,383284.82
"2598","ROU",39,99273.62
"2599","ROU",40,188375.87
"2600","ROU",41,193348.31
"2601","ROU",42,167447.26
"2602","RUS",1,7202748
"2603","RUS",2,144891
"2604","RUS",3,2650950
"2605","RUS",4,11349076
"2606","RUS",5,5463052
"2607","RUS",6,399082
"2608","RUS",7,605654
"2609","RUS",8,4765227
"2610","RUS",9,2170758
"2611","RUS",10,1339333
"2612","RUS",11,1939916
"2613","RUS",12,550506
"2614","RUS",13,2023278
"2615","RUS",14,568407
"2616","RUS",15,1153536
"2617","RUS",16,1602301
"2618","RUS",17,5477240
"2619","RUS",18,2473941
"2620","RUS",19,772346
"2621","RUS",20,4250880
"2622","RUS",21,2651856
"2623","RUS",22,2108791
"2624","RUS",23,1396416
"2625","RUS",24,9121307
"2626","RUS",25,6497226
"2627","RUS",26,1747543
"2628","RUS",27,2029262
"2629","RUS",28,5683827
"2630","RUS",29,2241113
"2631","RUS",30,312378
"2632","RUS",31,1432024
"2633","RUS",32,1575874
"2634","RUS",33,24942661
"2635","RUS",34,19582045
"2636","RUS",35,2355217
"2637","RUS",36,142341
"2638","RUS",37,6723791
"2639","RUS",38,1067363
"2640","RUS",39,1344889
"2641","RUS",40,5737992
"2642","RUS",41,3942363
"2643","RUS",42,1383003
"2644","RUS",43,3602839
"2645","RUS",44,2580261
"2646","RUS",45,5587111
"2647","RUS",46,2996940
"2648","RUS",47,1293566
"2649","RUS",48,7391046
"2650","RUS",49,2215944
"2651","RUS",50,784519
"2652","RUS",51,2537077
"2653","RUS",52,6887324
"2654","RUS",53,4587204
"2655","RUS",54,1888685
"2656","RUS",55,4600254
"2657","RUS",56,231
"2658","RUS",57,325368
"2659","RUS",58,8720335
"2660","RUS",59,1945235
"2661","RUS",60,8349649
"2662","RUS",61,2349761
"2663","RUS",62,2837767
"2664","RUS",63,602054
"2665","RUS",64,2915824
"2666","RUS",65,3165334
"2667","RUS",66,8563614
"2668","RUS",67,4792543
"2669","RUS",68,2738410
"2670","RUS",69,4371735
"2671","RUS",70,1813205
"2672","RUS",71,2813089
"2673","RUS",72,291250
"2674","RUS",73,2016121
"2675","RUS",74,2202726
"2676","RUS",75,3536903
"2677","RUS",76,4343049
"2678","RUS",77,3531372
"2679","RUS",78,1874185
"2680","RUS",79,849
"2681","RUS",80,3948
"2682","RUS",81,384
"2683","RUS",82,3914
"2684","RUS",83,4318
"2685","RWA",1,1844866.11
"2686","RWA",2,3028249.11
"2687","RWA",3,3647706.44
"2688","RWA",4,2809813.98
"2689","RWA",5,1605951.91
"2690","SAU",1,2164636.63
"2691","SAU",2,452598.04
"2692","SAU",3,389111.76
"2693","SAU",4,632974.16
"2694","SAU",5,2165636.43
"2695","SAU",6,1537466.82
"2696","SAU",7,9070367.42
"2697","SAU",8,5353083.52
"2698","SAU",9,712968.62
"2699","SAU",10,1668582.35
"2700","SAU",11,8616019.61
"2701","SAU",12,631451.72
"2702","SAU",13,846101.52
"2703","SDN",1,3249987
"2704","SDN",2,2058909
"2705","SDN",3,2276772
"2706","SDN",4,5339647
"2707","SDN",5,1121932
"2708","SDN",6,1080633
"2709","SDN",7,2215533
"2710","SDN",8,3438296
"2711","SDN",9,14926
"2712","SDN",10,50581
"2713","SDN",11,20202
"2714","SDN",12,21782
"2715","SDN",13,35914
"2716","SDN",14,43219
"2717","SDN",15,243016
"2718","SDN",16,20512
"2719","SDN",17,43283
"2720","SDN",18,180844
"2721","SEN",1,3494690.33
"2722","SEN",2,1676076.8
"2723","SEN",3,798794.72
"2724","SEN",4,638865.58
"2725","SEN",5,1072357.97
"2726","SEN",6,168046.66
"2727","SEN",7,742555.47
"2728","SEN",8,964935.58
"2729","SEN",9,623005.34
"2730","SEN",10,1006281.55
"2731","SEN",11,509747.52
"2732","SEN",12,766539.03
"2733","SEN",13,1976270.77
"2734","SEN",14,610261.6
"2735","SGP",1,1298577.13
"2736","SGP",2,975852.43
"2737","SGP",3,871140.92
"2738","SGP",4,1382975.84
"2739","SGP",5,1404528.42
"2740","SHN",1,3986
"2741","SHN",2,3585
"2742","SHN",3,2513
"2743","SJM",1,122612
"2744","SJM",2,688439
"2745","SLB",1,17149.02
"2746","SLB",2,22294.38
"2747","SLB",3,134523.04
"2748","SLB",4,75659.83
"2749","SLB",5,26206.56
"2750","SLB",6,43151.11
"2751","SLB",7,128202.71
"2752","SLB",8,3684.03
"2753","SLB",9,15208.64
"2754","SLB",10,60730.61
"2755","SLE",1,1564145.65
"2756","SLE",2,2384165.25
"2757","SLE",3,1630375.44
"2758","SLE",4,1499254.03
"2759","SLV",1,362549.18
"2760","SLV",2,151716.84
"2761","SLV",3,229947
"2762","SLV",4,273004.99
"2763","SLV",5,785698.88
"2764","SLV",6,341847.56
"2765","SLV",7,212223.9
"2766","SLV",8,172629.22
"2767","SLV",9,436578.27
"2768","SLV",10,1674902.45
"2769","SLV",11,169265.46
"2770","SLV",12,558327.17
"2771","SLV",13,487279.48
"2772","SLV",14,349915.53
"2773","SMR",1,1737.85
"2774","SMR",2,6400.93
"2775","SMR",3,809.36
"2776","SMR",4,3970.84
"2777","SMR",5,1021.12
"2778","SMR",6,2260.67
"2779","SMR",7,1055.24
"2780","SMR",8,2817.52
"2781","SMR",9,9399.77
"2782","SOM",1,677533
"2783","SOM",2,243225
"2784","SOM",3,529014
"2785","SOM",4,1001654
"2786","SOM",5,1651110
"2787","SOM",6,292822
"2788","SOM",7,790659
"2789","SOM",8,1369595
"2790","SOM",9,8985237
"2791","SOM",10,3549753
"2792","SOM",11,19236404
"2793","SOM",12,13919639
"2794","SOM",13,7030065
"2795","SOM",14,5893063
"2796","SOM",15,5074107
"2797","SOM",16,1721535
"2798","SOM",17,9773978
"2799","SOM",18,4190823
"2800","SPM",1,27319
"2801","SPM",2,16221
"2802","SRB",1,102714.43
"2803","SRB",2,165482.09
"2804","SRB",3,1654854.08
"2805","SRB",4,184055.85
"2806","SRB",5,604617.1
"2807","SRB",6,308936.45
"2808","SRB",7,147554.86
"2809","SRB",8,209368.11
"2810","SRB",9,192201.42
"2811","SRB",10,358694.72
"2812","SRB",11,121171.36
"2813","SRB",12,77103.58
"2814","SRB",13,168617.45
"2815","SRB",14,193323.64
"2816","SRB",15,215792.03
"2817","SRB",16,307508.35
"2818","SRB",17,163695.63
"2819","SRB",18,126537.24
"2820","SRB",19,173642.58
"2821","SRB",20,313874.98
"2822","SRB",21,270448.79
"2823","SRB",22,76654.53
"2824","SRB",23,98990.43
"2825","SRB",24,156938.27
"2826","SRB",25,245596.17
"2827","SSD",1,11994295
"2828","SSD",2,2009959
"2829","SSD",3,915029
"2830","SSD",4,3282421
"2831","SSD",5,3548841
"2832","SSD",6,11819565
"2833","SSD",7,235093
"2834","SSD",8,9940682
"2835","SSD",9,1004888
"2836","SSD",10,7888069
"2837","STP",1,8212.48
"2838","STP",2,183286.04
"2839","SUR",1,12408.09
"2840","SUR",2,38310.72
"2841","SUR",3,17335.81
"2842","SUR",4,18257.92
"2843","SUR",5,28526.19
"2844","SUR",6,36291.55
"2845","SUR",7,207028.82
"2846","SUR",8,16897.44
"2847","SUR",9,36045.28
"2848","SUR",10,153255.24
"2849","SVK",1,662661.1
"2850","SVK",2,613120.64
"2851","SVK",3,817509.03
"2852","SVK",4,665690.45
"2853","SVK",5,842379.75
"2854","SVK",6,586542.87
"2855","SVK",7,557118.3
"2856","SVK",8,685783.72
"2857","SVN",1,111500
"2858","SVN",2,66911
"2859","SVN",3,35574
"2860","SVN",4,40086
"2861","SVN",5,174993
"2862","SVN",6,92755
"2863","SVN",7,38343
"2864","SVN",8,59565
"2865","SVN",9,171975
"2866","SVN",10,4756
"2867","SVN",11,27278
"2868","SVN",12,109745
"2869","SWE",1,717544
"2870","SWE",2,690004
"2871","SWE",3,689501
"2872","SWE",4,2895329
"2873","SWE",5,5844117
"2874","SWE",6,860435
"2875","SWE",7,707593
"2876","SWE",8,705202
"2877","SWE",9,603123
"2878","SWE",10,678178
"2879","SWE",11,3816057
"2880","SWE",12,1159060
"2881","SWE",13,97596
"2882","SWE",14,29320
"2883","SWE",15,519230
"2884","SWE",16,281592
"2885","SWE",17,1780222
"2886","SWE",18,578826
"2887","SWE",19,929735
"2888","SWE",20,69161
"2889","SWE",21,356722
"2890","SWZ",1,392151.97
"2891","SWZ",2,276053.37
"2892","SWZ",3,454903.5
"2893","SWZ",4,241560.93
"2894","SYC",1,3836.04
"2895","SYC",2,3573.97
"2896","SYC",3,5110.69
"2897","SYC",4,2953.07
"2898","SYC",5,4038.86
"2899","SYC",6,3208.23
"2900","SYC",7,5347.09
"2901","SYC",8,4608.6
"2902","SYC",9,1625.07
"2903","SYC",10,2674.21
"2904","SYC",11,4526.09
"2905","SYC",12,2793.64
"2906","SYC",13,3536.44
"2907","SYC",14,3405.3
"2908","SYC",15,2831.77
"2909","SYC",16,2844.87
"2910","SYC",17,2393.37
"2911","SYC",18,1011.72
"2912","SYC",19,2484.71
"2913","SYC",20,305.9
"2914","SYC",21,5877.68
"2915","SYC",22,2460.18
"2916","SYC",23,2634.63
"2917","SYC",24,1858.07
"2918","SYC",25,1686.53
"2919","SYC",26,3032
"2920","SYR",1,1338345
"2921","SYR",2,154622
"2922","SYR",3,5397769
"2923","SYR",4,991690
"2924","SYR",5,86179
"2925","SYR",6,3983192
"2926","SYR",7,5803885
"2927","SYR",8,3703524
"2928","SYR",9,2104296
"2929","SYR",10,6353787
"2930","SYR",11,8271545
"2931","SYR",12,1212954
"2932","SYR",13,313532
"2933","SYR",14,5006713
"2934","TCA",1,4166.51
"2935","TCA",2,88.32
"2936","TCA",3,949.87
"2937","TCA",4,29377.62
"2938","TCA",5,80.37
"2939","TCA",6,626.4
"2940","TCD",1,347633.06
"2941","TCD",2,608337.83
"2942","TCD",3,179683.88
"2943","TCD",4,695617.1
"2944","TCD",5,119115.52
"2945","TCD",6,80980.97
"2946","TCD",7,678108.28
"2947","TCD",8,683631.97
"2948","TCD",9,450109.24
"2949","TCD",10,541543.76
"2950","TCD",11,763850.45
"2951","TCD",12,1064563.32
"2952","TCD",13,763933.45
"2953","TCD",14,918461.27
"2954","TCD",15,679062
"2955","TCD",16,724488.67
"2956","TCD",17,960670.2
"2957","TCD",18,370941.25
"2958","TCD",19,514144.35
"2959","TCD",20,774782.46
"2960","TCD",21,33767.4
"2961","TCD",22,1207896.72
"2962","TCD",23,831873.22
"2963","TGO",1,806086.42
"2964","TGO",2,901133.47
"2965","TGO",3,3715065.46
"2966","TGO",4,1698246.58
"2967","TGO",5,1139277.85
"2968","THA",1,208574.8
"2969","THA",2,223302.85
"2970","THA",3,10026567.69
"2971","THA",4,307731.22
"2972","THA",5,1007503.57
"2973","THA",6,759473.09
"2974","THA",7,240864.45
"2975","THA",8,788218.66
"2976","THA",9,457109.38
"2977","THA",10,1866613.18
"2978","THA",11,1130657.93
"2979","THA",12,2150178.93
"2980","THA",13,452461.34
"2981","THA",14,686453.29
"2982","THA",15,876866.29
"2983","THA",16,813394.83
"2984","THA",17,1627317.52
"2985","THA",18,355392.83
"2986","THA",19,638728.26
"2987","THA",20,406559.48
"2988","THA",21,461314.43
"2989","THA",22,739353.65
"2990","THA",23,192951.19
"2991","THA",24,672009.04
"2992","THA",25,385617.56
"2993","THA",26,239606.22
"2994","THA",27,1014288.36
"2995","THA",28,461562.99
"2996","THA",29,2297801.52
"2997","THA",30,839775.5
"2998","THA",31,1328929.21
"2999","THA",32,440085.64
"3000","THA",33,627032.8
"3001","THA",34,456613.02
"3002","THA",35,393726.49
"3003","THA",36,2065308.41
"3004","THA",37,2403452.04
"3005","THA",38,567150.24
"3006","THA",39,260117.84
"3007","THA",40,431700.04
"3008","THA",41,322656.52
"3009","THA",42,851494.34
"3010","THA",43,474998.44
"3011","THA",44,490459.84
"3012","THA",45,976761.33
"3013","THA",46,720981.37
"3014","THA",47,474346.98
"3015","THA",48,1013855.26
"3016","THA",49,682213.22
"3017","THA",50,447125.75
"3018","THA",51,349184.67
"3019","THA",52,747893.75
"3020","THA",53,1192088.69
"3021","THA",54,872781.45
"3022","THA",55,604535.88
"3023","THA",56,794184.1
"3024","THA",57,2980686.44
"3025","THA",58,1552086.15
"3026","THA",59,152980.08
"3027","THA",60,843283.19
"3028","THA",61,278160.51
"3029","THA",62,844567.47
"3030","THA",63,141611.89
"3031","THA",64,1608366.44
"3032","THA",65,622631.5
"3033","THA",66,777144.56
"3034","THA",67,1086557.29
"3035","THA",68,883274.6
"3036","THA",69,525082.91
"3037","THA",70,553639.46
"3038","THA",71,257121.54
"3039","THA",72,1676823.08
"3040","THA",73,1046743.79
"3041","THA",74,269685.21
"3042","THA",75,383312.79
"3043","THA",76,421445.35
"3044","THA",77,394829.65
"3045","TJK",1,975624.93
"3046","TJK",2,202960.12
"3047","TJK",3,3382430.15
"3048","TJK",4,2664563.3
"3049","TJK",5,2168071.59
"3050","TKL",1,231239
"3051","TKL",2,134921
"3052","TKL",3,46473
"3053","TKM",1,882197.72
"3054","TKM",2,789094.13
"3055","TKM",3,470645.29
"3056","TKM",4,1125676.86
"3057","TKM",5,1251229.01
"3058","TKM",6,1158877.81
"3059","TLS",1,68106.19
"3060","TLS",2,61734.69
"3061","TLS",3,69916.64
"3062","TLS",4,122596.43
"3063","TLS",5,98310.2
"3064","TLS",6,67366.83
"3065","TLS",7,358923.25
"3066","TLS",8,136142.64
"3067","TLS",9,62704.84
"3068","TLS",10,75869.12
"3069","TLS",11,53951.11
"3070","TLS",12,51261.27
"3071","TLS",13,79485.68
"3072","TON",1,3398.89
"3073","TON",2,4523.23
"3074","TON",3,751.82
"3075","TON",4,76235.07
"3076","TON",5,12981.09
"3077","TTO",1,34981.84
"3078","TTO",2,97453.22
"3079","TTO",3,189804.09
"3080","TTO",4,102738.36
"3081","TTO",5,38548.36
"3082","TTO",6,93968.98
"3083","TTO",7,17868.37
"3084","TTO",8,29998.15
"3085","TTO",9,107555.81
"3086","TTO",10,45179.79
"3087","TTO",11,152696.13
"3088","TTO",12,84092.18
"3089","TTO",13,90909.7
"3090","TTO",14,65267.41
"3091","TTO",15,221163.89
"3092","TUN",1,544201.27
"3093","TUN",2,304623.39
"3094","TUN",3,679507.77
"3095","TUN",4,571544.91
"3096","TUN",5,380076.21
"3097","TUN",6,343421.01
"3098","TUN",7,403813.69
"3099","TUN",8,587707.65
"3100","TUN",9,441341.06
"3101","TUN",10,160947.55
"3102","TUN",11,242295.45
"3103","TUN",12,431545.17
"3104","TUN",13,264048.01
"3105","TUN",14,485706.18
"3106","TUN",15,552210.43
"3107","TUN",16,813224.38
"3108","TUN",17,982504.43
"3109","TUN",18,440448.82
"3110","TUN",19,225518.62
"3111","TUN",20,682311.46
"3112","TUN",21,156169.35
"3113","TUN",22,111490.29
"3114","TUN",23,1243211.97
"3115","TUN",24,184147.59
"3116","TUR",1,1958505.78
"3117","TUR",2,577320.91
"3118","TUR",3,660269.79
"3119","TUR",4,570804.39
"3120","TUR",5,382739.37
"3121","TUR",6,325231.89
"3122","TUR",7,6076279.1
"3123","TUR",8,2125123.12
"3124","TUR",9,85581.55
"3125","TUR",10,146089.93
"3126","TUR",11,1073480.96
"3127","TUR",12,1249179.89
"3128","TUR",13,197920.73
"3129","TUR",14,602041.95
"3130","TUR",15,58956.26
"3131","TUR",16,276365.77
"3132","TUR",17,268423.73
"3133","TUR",18,292943.42
"3134","TUR",19,286181.01
"3135","TUR",20,270881.44
"3136","TUR",21,3337212.62
"3137","TUR",22,526436.56
"3138","TUR",23,137316.42
"3139","TUR",24,515332.78
"3140","TUR",25,1085828.43
"3141","TUR",26,1684160.91
"3142","TUR",27,379916.38
"3143","TUR",28,384851.32
"3144","TUR",29,571415.61
"3145","TUR",30,177876.61
"3146","TUR",31,623325.77
"3147","TUR",32,798772.4
"3148","TUR",33,2352587.03
"3149","TUR",34,370783.5
"3150","TUR",35,95152.9
"3151","TUR",36,270526.41
"3152","TUR",37,1777631.1
"3153","TUR",38,208701.36
"3154","TUR",39,483186.18
"3155","TUR",40,15791546.38
"3156","TUR",41,4267849.7
"3157","TUR",42,1123922.14
"3158","TUR",43,240643.67
"3159","TUR",44,236006.96
"3160","TUR",45,286109.49
"3161","TUR",46,362551.47
"3162","TUR",47,1589708.07
"3163","TUR",48,133092.15
"3164","TUR",49,231422.78
"3165","TUR",50,347697.91
"3166","TUR",51,207484.38
"3167","TUR",52,1910601.88
"3168","TUR",53,2165730
"3169","TUR",54,589776.11
"3170","TUR",55,687532.17
"3171","TUR",56,1571725.51
"3172","TUR",57,801416.48
"3173","TUR",58,1545698.84
"3174","TUR",59,939565.31
"3175","TUR",60,375937.34
"3176","TUR",61,273259.83
"3177","TUR",62,344753.48
"3178","TUR",63,614595.45
"3179","TUR",64,515717.62
"3180","TUR",65,278305.57
"3181","TUR",66,873232.96
"3182","TUR",67,1336225.29
"3183","TUR",68,2000568.84
"3184","TUR",69,353529.81
"3185","TUR",70,187837.27
"3186","TUR",71,541445.32
"3187","TUR",72,616683.88
"3188","TUR",73,1099325.1
"3189","TUR",74,511407.04
"3190","TUR",75,643536.26
"3191","TUR",76,67026.31
"3192","TUR",77,370223.88
"3193","TUR",78,1253375.69
"3194","TUR",79,247302.57
"3195","TUR",80,350197.05
"3196","TUR",81,623379.58
"3197","TUV",1,2621.11
"3198","TUV",2,252.86
"3199","TUV",3,249.76
"3200","TUV",5,168.61
"3201","TUV",7,257.87
"3202","TUV",9,60.4
"3203","TWN",1,62269.18
"3204","TWN",2,2647086.62
"3205","TWN",3,4339313.57
"3206","TWN",4,2888339.03
"3207","TWN",5,1668832.71
"3208","TWN",6,2227343.04
"3209","TWN",7,9456789.88
"3210","TZA",1,2010252.32
"3211","TZA",2,5622975.89
"3212","TZA",3,2429565.47
"3213","TZA",4,2175428.92
"3214","TZA",5,1065891.4
"3215","TZA",6,2837042.45
"3216","TZA",7,679768.45
"3217","TZA",8,2501432.5
"3218","TZA",9,1865808.15
"3219","TZA",10,966583.9
"3220","TZA",11,1711106.63
"3221","TZA",12,2034889.44
"3222","TZA",13,3218398.76
"3223","TZA",14,2607067.96
"3224","TZA",15,1441640.01
"3225","TZA",16,3269835.69
"3226","TZA",17,786379.68
"3227","TZA",18,237497.33
"3228","TZA",19,213914.72
"3229","TZA",20,1292604.26
"3230","TZA",21,1208966.99
"3231","TZA",22,1608712.65
"3232","TZA",23,1792154.02
"3233","TZA",24,1913587.17
"3234","TZA",25,1610510.33
"3235","TZA",26,2742434.21
"3236","TZA",27,2395328.98
"3237","TZA",28,218308.65
"3238","TZA",29,130290.89
"3239","TZA",30,737785.69
"3240","UGA",1,266746.75
"3241","UGA",2,1304931.36
"3242","UGA",3,1518601.55
"3243","UGA",4,786123.33
"3244","UGA",5,364688.06
"3245","UGA",6,1051060.06
"3246","UGA",7,422529.73
"3247","UGA",8,1091683.75
"3248","UGA",9,798192.31
"3249","UGA",10,1288925.45
"3250","UGA",11,565529.82
"3251","UGA",12,627956.1
"3252","UGA",13,591909.58
"3253","UGA",14,296359.09
"3254","UGA",15,61434.67
"3255","UGA",16,1861414.73
"3256","UGA",17,1381737.55
"3257","UGA",18,573340.56
"3258","UGA",19,301423.22
"3259","UGA",20,386215.16
"3260","UGA",21,869294.07
"3261","UGA",22,575848.02
"3262","UGA",23,446618.23
"3263","UGA",24,1187156.48
"3264","UGA",25,494149.06
"3265","UGA",26,345072.86
"3266","UGA",27,402316.38
"3267","UGA",28,559532.45
"3268","UGA",29,781713.99
"3269","UGA",30,1052409.89
"3270","UGA",31,16462.12
"3271","UGA",32,122994.23
"3272","UGA",33,1386450.98
"3273","UGA",34,829270.63
"3274","UGA",35,1076578.81
"3275","UGA",36,887080.09
"3276","UGA",37,608622.75
"3277","UGA",38,1396867.64
"3278","UGA",39,1998447.11
"3279","UGA",40,326359.88
"3280","UGA",41,126513.65
"3281","UGA",42,624500.13
"3282","UGA",43,1358361.94
"3283","UGA",44,1394924.32
"3284","UGA",45,392739.77
"3285","UGA",46,236467.96
"3286","UGA",47,812088.61
"3287","UGA",48,606669.12
"3288","UGA",49,498560.43
"3289","UGA",50,1070895.83
"3290","UGA",51,760933.21
"3291","UGA",52,368680.15
"3292","UGA",53,323286.93
"3293","UGA",54,553523.75
"3294","UGA",55,793725.51
"3295","UGA",56,1001346.86
"3296","UGA",57,3236469.69
"3297","UGA",58,728676.59
"3298","UKR",1,5468174
"3299","UKR",2,3137425
"3300","UKR",3,1611608
"3301","UKR",4,4447430
"3302","UKR",5,3695491
"3303","UKR",6,2022991
"3304","UKR",7,4002256
"3305","UKR",8,2532948
"3306","UKR",9,2114779
"3307","UKR",10,621044
"3308","UKR",11,1990046
"3309","UKR",12,1866470
"3310","UKR",13,2168933
"3311","UKR",14,2745234
"3312","UKR",15,1904272
"3313","UKR",16,3085323
"3314","UKR",17,2207189
"3315","UKR",18,3282390
"3316","UKR",19,414078
"3317","UKR",20,4679634
"3318","UKR",21,361977
"3319","UKR",22,203412
"3320","UKR",23,505726
"3321","UKR",24,2915724
"3322","UKR",25,114699
"3323","UKR",26,107772901
"3324","UKR",27,3908193
"3325","UMI",1,926614
"3326","UMI",2,30435923
"3327","UMI",3,16156012
"3328","UMI",4,1886753
"3329","UMI",5,3087972
"3330","UMI",6,20628809
"3331","UMI",7,10491593
"3332","UMI",8,4935902
"3333","UMI",9,4438116
"3334","URY",1,70099.68
"3335","URY",2,598606.6
"3336","URY",3,84797.69
"3337","URY",4,136569.17
"3338","URY",5,64518.9
"3339","URY",6,25161.54
"3340","URY",7,68503.22
"3341","URY",8,62257.48
"3342","URY",9,209943.72
"3343","URY",10,1341248.06
"3344","URY",11,111304.38
"3345","URY",12,63410.79
"3346","URY",13,98973.03
"3347","URY",14,67409.79
"3348","URY",15,132895.07
"3349","URY",16,114676.16
"3350","URY",17,79288.55
"3351","URY",18,79855.98
"3352","URY",19,50391.74
"3353","USA",1,4985443.81
"3354","USA",2,547850.78
"3355","USA",3,7846184.1
"3356","USA",4,3122640.75
"3357","USA",5,39890757.9
"3358","USA",6,5769539.84
"3359","USA",7,3598718.66
"3360","USA",8,983177.74
"3361","USA",9,607540.67
"3362","USA",10,21334183.31
"3363","USA",11,11307993.48
"3364","USA",12,1457114.97
"3365","USA",13,1857144.25
"3366","USA",14,13024006.01
"3367","USA",15,6750952.14
"3368","USA",16,3094623.18
"3369","USA",17,2951705.16
"3370","USA",18,4547503.91
"3371","USA",19,4549045.09
"3372","USA",20,1312834.96
"3373","USA",21,6032927.86
"3374","USA",22,6472369.53
"3375","USA",23,9553577.34
"3376","USA",24,5590026.57
"3377","USA",25,3033259.08
"3378","USA",26,6257608.47
"3379","USA",27,1055904.4
"3380","USA",28,1904063.88
"3381","USA",29,3556087.67
"3382","USA",30,1349269.38
"3383","USA",31,8845192.11
"3384","USA",32,2276919.38
"3385","USA",33,18954846.41
"3386","USA",34,11024152.31
"3387","USA",35,689161.95
"3388","USA",36,11434276.81
"3389","USA",37,3955671.72
"3390","USA",38,4158168.59
"3391","USA",39,12737138.82
"3392","USA",40,992292.31
"3393","USA",41,5177464.49
"3394","USA",42,869424.63
"3395","USA",43,6900772.58
"3396","USA",44,29816854.29
"3397","USA",45,3349230.56
"3398","USA",46,623397.1
"3399","USA",47,8878913.06
"3400","USA",48,7364238.93
"3401","USA",49,1846128.35
"3402","USA",50,5846026.18
"3403","USA",51,626860.3
"3404","UZB",1,3012689.67
"3405","UZB",2,1874992.57
"3406","UZB",3,3529244.41
"3407","UZB",4,1174208.64
"3408","UZB",5,1653793.55
"3409","UZB",6,3058024.65
"3410","UZB",7,1829972.31
"3411","UZB",8,2650438.72
"3412","UZB",9,1326027.22
"3413","UZB",10,3280417.33
"3414","UZB",11,848460.84
"3415","UZB",12,2465041.41
"3416","UZB",13,1117446.8
"3417","UZB",14,3918658.72
"3418","VCT",1,26269.12
"3419","VCT",2,9114.79
"3420","VCT",3,15973.18
"3421","VCT",4,5221.96
"3422","VCT",5,42997.41
"3423","VCT",6,3342.59
"3424","VEN",1,1268695
"3425","VEN",2,1243070
"3426","VEN",3,1652713
"3427","VEN",4,933616
"3428","VEN",5,531990
"3429","VEN",6,867443
"3430","VEN",7,5609450
"3431","VEN",8,1468796
"3432","VEN",9,3827096
"3433","VEN",10,2211078
"3434","VEN",11,883554
"3435","VEN",12,2496298
"3436","VEN",13,792210
"3437","VEN",14,2751879
"3438","VEN",15,1499388
"3439","VEN",16,1822093
"3440","VEN",17,3843923
"3441","VEN",18,1420616
"3442","VEN",19,1539560
"3443","VEN",20,1177539
"3444","VEN",21,2016256
"3445","VEN",22,392599
"3446","VEN",23,1402319
"3447","VEN",24,1538076
"3448","VEN",25,1527444
"3449","VGB",1,288.25
"3450","VGB",2,294.32
"3451","VGB",3,15.23
"3452","VGB",4,25165.54
"3453","VGB",5,4089.28
"3454","VIR",1,48597.55
"3455","VIR",2,3729.97
"3456","VIR",3,52202.22
"3457","VNM",1,2212144.46
"3458","VNM",2,996862.55
"3459","VNM",3,1575231.29
"3460","VNM",4,311674.77
"3461","VNM",5,1136565.74
"3462","VNM",6,1197503.2
"3463","VNM",7,1237583.8
"3464","VNM",8,1493270.47
"3465","VNM",9,3260544.34
"3466","VNM",10,1186606.57
"3467","VNM",11,1258917.13
"3468","VNM",12,1473484.19
"3469","VNM",13,1294779.87
"3470","VNM",14,510741.57
"3471","VNM",15,2087575.46
"3472","VNM",16,739887.52
"3473","VNM",17,3139492.65
"3474","VNM",18,1756618.36
"3475","VNM",19,1165038.8
"3476","VNM",20,633683.12
"3477","VNM",21,1691320.76
"3478","VNM",22,1736603.86
"3479","VNM",23,1995658.03
"3480","VNM",24,676755.79
"3481","VNM",25,10393674.69
"3482","VNM",26,866796.41
"3483","VNM",27,8364965.18
"3484","VNM",28,767329.74
"3485","VNM",29,1164621.06
"3486","VNM",30,788948.2
"3487","VNM",31,1187496.11
"3488","VNM",32,1279529.8
"3489","VNM",33,1825692.82
"3490","VNM",34,613685.69
"3491","VNM",35,751137.88
"3492","VNM",36,702282.78
"3493","VNM",37,1423804.78
"3494","VNM",38,625310.24
"3495","VNM",39,1576327
"3496","VNM",40,1727902.66
"3497","VNM",41,2933672.91
"3498","VNM",42,901806.65
"3499","VNM",43,626828.56
"3500","VNM",44,631520.94
"3501","VNM",45,932539.64
"3502","VNM",46,895140.54
"3503","VNM",47,1458781.36
"3504","VNM",48,1219169.89
"3505","VNM",49,1264614.14
"3506","VNM",50,617745.48
"3507","VNM",51,1411291.08
"3508","VNM",52,1323324.4
"3509","VNM",53,1173023.01
"3510","VNM",54,1120318.42
"3511","VNM",55,1749164.59
"3512","VNM",56,1201344.25
"3513","VNM",57,3285769.92
"3514","VNM",58,1726966.18
"3515","VNM",59,1033402.85
"3516","VNM",60,777916.02
"3517","VNM",61,1024478.36
"3518","VNM",62,888941
"3519","VNM",63,796776.55
"3520","VUT",1,33133.64
"3521","VUT",2,31810.03
"3522","VUT",3,50357.83
"3523","VUT",4,99909.47
"3524","VUT",5,34163.04
"3525","VUT",6,8857.82
"3526","WLF",1,2008.52
"3527","WLF",2,755.13
"3528","WLF",3,8239.83
"3529","WSM",1,19319.18
"3530","WSM",2,3560.99
"3531","WSM",3,17435.55
"3532","WSM",4,13887.45
"3533","WSM",5,4632.95
"3534","WSM",6,5046.03
"3535","WSM",7,9004.35
"3536","WSM",8,3805.53
"3537","WSM",9,96936.94
"3538","WSM",10,1950.12
"3539","WSM",11,6740.46
"3540","XAD",1,20014
"3541","XAD",2,24141
"3542","XKO",1,336568
"3543","XKO",2,1141695
"3544","XKO",3,1728971
"3545","XKO",4,570059
"3546","XKO",5,621430
"3547","XKO",6,1080163
"3548","XKO",7,610731
"3549","XNC",1,731624
"3550","XNC",2,1520432
"3551","XNC",3,278959
"3552","XNC",4,698862
"3553","XNC",5,261456
"3554","YEM",1,862512
"3555","YEM",2,4353952
"3556","YEM",3,2772773
"3557","YEM",4,3111662
"3558","YEM",5,2605040
"3559","YEM",6,2053789
"3560","YEM",7,3676040
"3561","YEM",8,1234411
"3562","YEM",9,1280774
"3563","YEM",10,1958717
"3564","YEM",11,2699400
"3565","YEM",12,1337714
"3566","YEM",13,930651
"3567","YEM",14,3382297
"3568","YEM",15,2869368
"3569","YEM",16,1923974
"3570","YEM",17,2366748
"3571","YEM",18,2671381
"3572","YEM",19,2476877
"3573","YEM",20,1209940
"3574","YEM",21,1082905
"3575","ZAF",1,6502745.12
"3576","ZAF",2,2652422.13
"3577","ZAF",3,14829552.7
"3578","ZAF",4,10390434.71
"3579","ZAF",5,5528733.72
"3580","ZAF",6,4544183.29
"3581","ZAF",7,3883129.02
"3582","ZAF",8,1297310.38
"3583","ZAF",9,6931063
"3584","ZMB",1,2231897.72
"3585","ZMB",2,2599622.95
"3586","ZMB",3,2176237.93
"3587","ZMB",4,1700105.62
"3588","ZMB",5,3115450.75
"3589","ZMB",6,1028822.69
"3590","ZMB",7,1065746.54
"3591","ZMB",8,1610051.69
"3592","ZMB",9,2196273.9
"3593","ZMB",10,1107266.99
"3594","ZWE",1,761463.39
"3595","ZWE",2,2780671.29
"3596","ZWE",3,2324118.3
"3597","ZWE",4,1583109.99
"3598","ZWE",5,1924336.85
"3599","ZWE",6,2153543.38
"3600","ZWE",7,1984487.5
"3601","ZWE",8,967295.18
"3602","ZWE",9,864977.3
"3603","ZWE",10,2126399.53
