country,id_1,population
AGO,1,460477.75
AGO,2,1777846.61
AGO,3,969189.86
AGO,4,1246590.61
AGO,5,377188.25
AGO,6,318188.3
AGO,7,1700781.83
AGO,8,1119562.48
AGO,9,1515059.63
AGO,10,2890950.99
AGO,11,14988192.83
AGO,12,795614.83
AGO,13,460510.63
AGO,14,853554.31
AGO,15,1082029.24
AGO,16,575056.22
AGO,17,819394.03
AGO,18,707509.71
ALB,1,114463.48
ALB,2,109723.84
ALB,3,298550.44
ALB,4,260789.39
ALB,5,272036.3
ALB,6,56849.52
ALB,7,199616.3
ALB,8,71875.15
ALB,9,130015.57
ALB,10,198287.69
ALB,11,1038964.46
ALB,12,177810.63
ARE,1,2598423.36
ARE,2,445016.64
ARE,3,3652789.3
ARE,4,215024.86
ARE,5,378605.06
ARE,6,2219423.57
ARE,7,81598.15
ARG,1,18113609.01
ARG,2,411493.55
ARG,3,1145722.56
ARG,4,650749.27
ARG,5,3080916.75
ARG,6,3630960.31
ARG,7,1070512.77
ARG,8,1333784.97
ARG,9,587249.03
ARG,10,754227.7
ARG,11,347446.97
ARG,12,395578.04
ARG,13,1947335.14
ARG,14,1285045.07
ARG,15,664669.17
ARG,16,745883.46
ARG,17,1394025.23
ARG,18,765291.29
ARG,19,521822.61
ARG,20,411756.44
ARG,21,3453343.17
ARG,22,964221.74
ARG,23,161407.83
ARG,24,1590577.06
ARM,1,139571.94
ARM,2,275158.45
ARM,3,339066.85
ARM,4,1050503.65
ARM,5,222007.58
ARM,6,223292.2
ARM,7,203771.7
ARM,8,235053.8
ARM,9,116021.31
ARM,10,108311.95
ARM,11,46043.32
ASM,1,20705.69
ASM,2,569.36
ASM,3,2.21
ASM,4,29203.56
ATG,1,1715.07
ATG,3,9481.43
ATG,4,55918.46
ATG,5,7474.91
ATG,6,7184.86
ATG,7,4771.22
ATG,8,3072.94
AUS,2,425419.55
AUS,4,429.09
AUS,5,8091274.18
AUS,6,245186.59
AUS,7,5074348.17
AUS,8,1893053.26
AUS,9,560657.4
AUS,10,6355731.39
AUS,11,2645971.98
AUT,1,289946.19
AUT,2,549156.5
AUT,3,1684345.37
AUT,4,1418420.07
AUT,5,539637.42
AUT,6,1224975.58
AUT,7,735867.19
AUT,8,376537.95
AUT,9,1826518.17
BDI,1,488704.23
BDI,2,1023517.12
BDI,3,912922.4
BDI,4,982979.52
BDI,5,390090.2
BDI,6,681833.15
BDI,7,1026714.19
BDI,8,618066.47
BDI,9,994657.01
BDI,10,998438.21
BDI,11,664942.71
BDI,12,414351.26
BDI,13,1229284.07
BDI,14,401690.29
BDI,15,975581.82
BDI,16,620900.14
BDI,17,703553.72
BEL,1,1247616.29
BEL,2,6680984.97
BEL,3,3687997.38
BEN,1,1133054.15
BEN,2,983599.67
BEN,3,1870633.29
BEN,4,1608628.74
BEN,5,821441.39
BEN,6,682268.11
BEN,7,879661.78
BEN,8,491575.6
BEN,9,525870.03
BEN,10,1372894.73
BEN,11,760862.06
BEN,12,1009071.23
BFA,1,1657665.17
BFA,2,808375.82
BFA,7,2909216.98
BFA,3,1397290.52
BFA,4,1447575.42
BFA,5,1434407.93
BFA,6,738248.71
BFA,8,1600914.03
BFA,9,1950664.72
BFA,10,1348636.83
BFA,11,796243.09
BFA,12,1209905.44
BFA,13,759795.68
BGD,1,8663468.81
BGD,2,33321077.04
BGD,3,58956735.11
BGD,4,17110305.89
BGD,5,21142653.49
BGD,6,18087216.47
BGD,7,12402154.09
BGR,1,305330.29
BGR,2,404121.72
BGR,3,166354.82
BGR,4,104577.26
BGR,5,1385742.13
BGR,6,221112.32
BGR,7,139444.17
BGR,8,115850.71
BGR,9,119136.11
BGR,10,121484.06
BGR,11,246618.83
BGR,12,124507.4
BGR,13,229527.06
BGR,14,646349.73
BGR,15,103189.04
BGR,16,205192.95
BGR,17,159908.83
BGR,18,100484.32
BGR,19,178434.75
BGR,20,106355.0
BGR,21,230990.92
BGR,22,300590.31
BGR,23,106155.91
BGR,24,480088.89
BGR,25,227655.09
BGR,26,78832.46
BGR,27,145843.83
BGR,28,111401.93
BHR,1,378126.58
BHR,2,353454.28
BHR,3,204075.41
BHR,4,301035.68
BHR,5,165567.25
BHS,1,676.39
BHS,2,605.37
BHS,3,1698.56
BHS,4,1408.38
BHS,5,1298.59
BHS,6,10532.6
BHS,7,497.58
BHS,8,1704.71
BHS,9,9826.71
BHS,10,254.84
BHS,11,1525.93
BHS,12,9062.3
BHS,13,51.44
BHS,14,1651.16
BHS,15,3686.07
BHS,16,831.83
BHS,17,3113.85
BHS,18,795.48
BHS,19,295.67
BHS,20,698.58
BHS,21,273384.4
BHS,22,2080.02
BHS,23,4135.2
BHS,24,3536.85
BHS,25,67.47
BHS,26,59.2
BHS,27,844.35
BHS,28,1260.14
BHS,29,1458.92
BHS,30,1924.26
BHS,32,41592.08
BIH,1,134047.74
BIH,2,2402321.96
BIH,3,1207957.5
BLR,1,1351841.85
BLR,2,1384155.6
BLR,3,995042.09
BLR,4,1007856.42
BLR,5,3498383.22
BLR,6,1124936.03
BLZ,1,119278.51
BLZ,2,97498.34
BLZ,3,49987.62
BLZ,4,42794.84
BLZ,5,45173.09
BLZ,6,32253.63
BOL,1,614056.4
BOL,2,2002052.74
BOL,3,505264.89
BOL,4,3022049.25
BOL,5,584207.2
BOL,6,185092.73
BOL,7,914274.93
BOL,8,3156918.52
BOL,9,556585.84
BRA,1,933820.41
BRA,2,3419767.91
BRA,3,919856.83
BRA,4,4313176.53
BRA,5,14936000.65
BRA,6,9502266.04
BRA,7,3171897.69
BRA,8,3906040.38
BRA,9,7231119.1
BRA,10,7660381.14
BRA,12,3786587.76
BRA,11,2881291.38
BRA,13,21505829.22
BRA,14,9549891.93
BRA,15,4055274.87
BRA,16,11420588.58
BRA,17,9674738.86
BRA,18,3407703.53
BRA,19,17649340.8
BRA,20,3603027.82
BRA,21,11217659.43
BRA,22,1803558.26
BRA,23,610253.06
BRA,25,7274349.06
BRA,24,45341286.47
BRA,26,2390268.09
BRA,27,1685978.4
BRB,1,52686.18
BRB,2,4728.39
BRB,3,20330.86
BRB,4,32837.04
BRB,5,8452.05
BRB,6,6021.61
BRB,7,8862.3
BRB,8,85410.1
BRB,9,11313.17
BRB,10,31422.79
BRB,11,15527.53
BRN,1,64603.27
BRN,2,322101.95
BRN,3,8890.98
BRN,4,47563.17
BTN,1,20359.59
BTN,2,96171.21
BTN,3,29930.91
BTN,4,3380.05
BTN,5,14929.95
BTN,6,17889.79
BTN,7,48324.23
BTN,8,44298.6
BTN,9,26401.65
BTN,10,25201.68
BTN,11,43633.55
BTN,12,74175.41
BTN,13,48239.07
BTN,14,128317.22
BTN,15,61464.45
BTN,16,16704.1
BTN,17,23949.32
BTN,18,44897.62
BTN,19,20721.47
BTN,20,23493.45
BWA,1,678193.37
BWA,2,29632.59
BWA,3,115859.75
BWA,4,211104.5
BWA,5,57225.36
BWA,6,3459.24
BWA,7,60220.79
BWA,8,114721.59
BWA,9,400696.7
BWA,10,64728.31
BWA,11,78965.86
BWA,12,186423.3
BWA,13,53493.1
BWA,14,155747.4
BWA,15,247187.24
BWA,16,1828.62
CAF,1,54079.6
CAF,2,262472.97
CAF,3,309801.64
CAF,4,72229.56
CAF,5,113170.56
CAF,6,146189.78
CAF,7,310624.89
CAF,8,448465.79
CAF,9,206706.58
CAF,10,147854.51
CAF,11,290868.77
CAF,12,952955.74
CAF,13,347513.87
CAF,15,461319.42
CAF,14,540085.09
CAF,16,135634.54
CAF,17,64229.45
CHE,1,667746.53
CHE,2,52011.64
CHE,3,17608.71
CHE,4,281413.66
CHE,5,174258.21
CHE,6,1018964.95
CHE,7,332113.87
CHE,8,511038.08
CHE,9,38979.2
CHE,10,207911.95
CHE,11,71091.38
CHE,12,412524.13
CHE,13,177853.82
CHE,14,43037.12
CHE,15,38956.75
CHE,16,510762.66
CHE,17,77010.22
CHE,18,161325.18
CHE,19,267666.16
CHE,20,268580.24
CHE,21,356123.19
CHE,22,36053.97
CHE,23,362700.03
CHE,24,829076.34
CHE,25,126885.41
CHE,26,1559540.54
CHL,1,110454.52
CHL,2,634872.44
CHL,3,1077675.31
CHL,4,161541.7
CHL,5,295762.17
CHL,6,1640437.89
CHL,7,807504.34
CHL,8,929568.29
CHL,9,913774.34
CHL,10,321165.0
CHL,11,145345.01
CHL,12,1037545.76
CHL,13,460476.37
CHL,14,7916640.08
CHL,15,415289.76
CHL,16,1880784.57
CIV,1,5275497.72
CIV,2,2580066.08
CIV,3,1321061.91
CIV,4,326749.61
CIV,5,1829653.97
CIV,6,1405928.94
CIV,7,1540504.11
CIV,8,2760599.31
CIV,9,2655559.12
CIV,10,1900466.61
CIV,11,1542927.61
CIV,12,985813.61
CIV,13,389129.78
CIV,14,1015384.82
CMR,1,1368123.75
CMR,2,5405906.58
CMR,3,1005986.6
CMR,4,4384347.74
CMR,5,4210154.96
CMR,7,2900510.53
CMR,6,2201713.69
CMR,8,2022694.72
CMR,10,916130.34
CMR,9,1795385.9
COD,1,1071122.03
COD,2,1717733.02
COD,3,6009487.98
COD,4,4465710.63
COD,5,1506984.34
COD,6,4415602.58
COD,9,3979879.06
COD,7,4540579.66
COD,8,3964654.2
COD,10,6056258.62
COD,11,2587160.96
COD,12,1820691.48
COD,13,3474763.06
COD,14,2901620.47
COD,15,2247192.13
COD,16,1328785.84
COD,17,2172967.09
COD,18,1661920.02
COD,19,6517936.69
COD,20,1124614.63
COD,21,137577.49
COD,22,4541444.53
COD,23,2155270.41
COD,24,3094467.89
COD,25,2502661.81
COD,26,1207041.19
COG,1,365520.49
COG,2,1383301.72
COG,4,214682.78
COG,3,161812.11
COG,5,646775.74
COG,6,170648.75
COG,7,679355.08
COG,8,229624.64
COG,9,175157.52
COG,10,124560.74
COG,11,337628.44
COG,12,126993.5
COL,1,98951.15
COL,2,6265509.14
COL,3,349739.1
COL,4,2583123.1
COL,5,2485334.06
COL,6,1232326.88
COL,7,860596.0
COL,8,527437.62
COL,9,715772.35
COL,10,1437331.77
COL,11,981338.28
COL,12,502093.45
COL,13,1985283.23
COL,14,11317478.15
COL,15,66904.2
COL,16,140858.57
COL,17,1197788.9
COL,18,1191021.37
COL,19,1293673.05
COL,20,983568.47
COL,21,1729738.55
COL,22,1260916.84
COL,23,419894.73
COL,24,562622.14
COL,25,875060.31
COL,26,70479.44
COL,27,2160740.83
COL,28,830791.8
COL,29,1317063.25
COL,30,4398814.14
COL,31,80586.87
COL,32,93633.89
COM,1,61089.79
COM,2,429118.7
COM,3,340778.66
CPV,1,19224.41
CPV,2,5344.64
CPV,3,6493.2
CPV,4,5457.42
CPV,5,18970.13
CPV,6,6315.39
CPV,7,16160.83
CPV,8,7651.52
CPV,9,23949.33
CPV,10,8004.58
CPV,11,22297.23
CPV,12,37017.13
CPV,13,16765.32
CPV,14,8680.04
CPV,15,17762.19
CPV,16,11692.64
CPV,17,142411.54
CPV,18,6327.93
CPV,19,20794.75
CPV,20,86113.21
CPV,21,45401.6
CPV,22,4010.19
CRI,1,1014958.27
CRI,2,564934.45
CRI,3,410434.08
CRI,4,539942.65
CRI,5,451983.05
CRI,6,479458.97
CRI,7,1562429.41
CYM,1,8704.29
CYM,2,1034.78
CYM,3,699.94
CYM,4,29121.11
CYM,5,268.62
CYM,6,6784.17
CYM,7,9417.07
CZE,1,623862.58
CZE,2,1172349.45
CZE,3,284103.01
CZE,4,503947.02
CZE,5,538864.84
CZE,6,426284.68
CZE,7,1120326.72
CZE,8,595825.02
CZE,9,506191.65
CZE,10,579878.21
CZE,11,1301422.88
CZE,12,1565209.91
CZE,13,792155.38
CZE,14,559137.06
DEU,1,10630210.19
DEU,2,12842766.74
DEU,3,3323186.43
DEU,4,2434682.4
DEU,5,641510.51
DEU,6,1731046.27
DEU,7,6066072.48
DEU,8,1510661.18
DEU,9,7774137.55
DEU,10,17474331.86
DEU,11,4077238.18
DEU,12,955846.87
DEU,14,3859301.55
DEU,13,2096914.39
DEU,15,2840871.02
DEU,16,2017194.35
DJI,1,116344.53
DJI,2,98782.77
DJI,3,528260.69
DJI,4,55096.6
DJI,5,131383.89
DMA,1,7821.52
DMA,2,5542.04
DMA,3,22916.02
DMA,4,6908.14
DMA,5,5463.13
DMA,6,371.73
DMA,7,1471.17
DMA,8,5692.69
DMA,9,9989.09
DMA,10,279.27
DOM,1,226319.66
DOM,2,155769.86
DOM,3,183062.31
DOM,4,59820.04
DOM,5,977144.02
DOM,6,323095.0
DOM,7,82481.19
DOM,8,290966.34
DOM,9,98462.73
DOM,10,58071.13
DOM,11,485564.62
DOM,12,58255.41
DOM,13,270019.03
DOM,14,431735.16
DOM,15,179678.96
DOM,16,173209.4
DOM,17,169708.96
DOM,18,217089.9
DOM,19,56010.09
DOM,20,273444.13
DOM,21,316442.01
DOM,22,86153.57
DOM,23,101673.37
DOM,24,620178.42
DOM,25,57518.04
DOM,26,220224.9
DOM,27,347652.63
DOM,28,141923.66
DOM,30,977955.19
DOM,29,48742.21
DOM,31,3127192.34
DOM,32,226293.53
DZA,1,485892.52
DZA,2,862399.82
DZA,3,412090.28
DZA,4,3662679.98
DZA,5,703624.39
DZA,6,1319158.84
DZA,7,311031.94
DZA,8,971778.83
DZA,9,876864.17
DZA,10,1217793.84
DZA,11,700940.15
DZA,12,762144.95
DZA,13,945136.39
DZA,14,1136542.36
DZA,15,1105558.33
DZA,16,1413822.17
DZA,17,289608.26
DZA,18,784082.43
DZA,19,459005.42
DZA,20,423371.72
DZA,21,530685.48
DZA,22,71794.56
DZA,23,691723.15
DZA,24,440618.92
DZA,25,608564.83
DZA,26,1164558.63
DZA,27,884019.32
DZA,28,859968.01
DZA,29,854401.69
DZA,30,826891.61
DZA,31,273235.28
DZA,32,1804356.34
DZA,33,680481.46
DZA,34,717042.58
DZA,35,801302.39
DZA,36,378890.0
DZA,37,1663459.78
DZA,38,677669.03
DZA,39,1004403.62
DZA,40,511230.62
DZA,41,214400.84
DZA,42,741474.32
DZA,43,992444.55
DZA,44,75599.83
DZA,45,626012.91
DZA,46,409755.73
DZA,47,1159880.49
DZA,48,1049509.55
ECU,1,844104.19
ECU,2,197503.4
ECU,3,238433.65
ECU,4,171789.95
ECU,5,518697.39
ECU,6,476912.52
ECU,7,680804.72
ECU,8,610242.69
ECU,9,33488.94
ECU,10,4320407.77
ECU,11,467356.99
ECU,12,493120.89
ECU,13,929756.92
ECU,14,1593124.67
ECU,15,191107.08
ECU,16,169472.93
ECU,17,221099.94
ECU,18,115147.06
ECU,19,3167837.46
ECU,20,387895.64
ECU,21,524101.71
ECU,22,239836.02
ECU,23,573816.38
ECU,24,108304.02
EGY,1,6201837.44
EGY,2,332024.51
EGY,3,5987274.91
EGY,4,3268944.38
EGY,5,4953436.05
EGY,6,4954459.68
EGY,7,1213199.72
EGY,8,8781873.16
EGY,9,4090440.99
EGY,10,5300911.15
EGY,11,8576789.17
EGY,12,5451722.68
EGY,13,1694700.42
EGY,14,232774.56
EGY,15,644494.9
EGY,16,6739004.64
EGY,17,1474963.69
EGY,18,4351393.14
EGY,19,2924777.34
EGY,20,687074.68
EGY,21,1382701.3
EGY,22,156837.53
EGY,23,3292941.05
EGY,24,447312.97
EGY,25,2907457.53
EGY,26,447254.36
EGY,27,4734768.75
ERI,1,894161.36
ERI,2,1524634.02
ERI,3,146985.91
ERI,4,1246979.33
ERI,5,1255921.42
ERI,6,728692.56
ESP,1,8084219.61
ESP,2,1290651.79
ESP,3,556275.68
ESP,4,2170403.94
ESP,5,2274726.23
ESP,6,7541077.21
ESP,7,134945.93
ESP,8,6493909.89
ESP,9,630298.43
ESP,10,5091438.35
ESP,11,996310.0
ESP,12,2426523.98
ESP,13,1196452.2
ESP,14,2129155.69
ESP,15,319960.8
ESP,16,1970145.03
ESP,17,933656.55
ESP,18,1509388.47
EST,1,581745.99
EST,2,5967.81
EST,3,158753.42
EST,4,25503.9
EST,5,24634.65
EST,7,18641.58
EST,6,49418.59
EST,8,73623.24
EST,9,680.3
EST,10,24864.11
EST,11,45575.67
EST,12,43247.49
EST,13,143088.85
EST,14,23779.11
EST,15,38653.62
EST,16,26875.15
ETH,1,3790656.6
ETH,2,1978303.63
ETH,3,24074466.76
ETH,4,1229037.14
ETH,5,500033.15
ETH,6,621595.19
ETH,7,266920.22
ETH,8,42875451.84
ETH,9,6670170.84
ETH,10,13305366.13
ETH,11,6408499.42
FJI,1,394512.11
FJI,2,24750.16
FJI,3,107895.0
FJI,4,695.25
FJI,5,334129.87
FRA,1,1925103.0
FRA,2,3535654.0
FRA,3,1374755.0
FRA,4,12395148.0
FRA,5,1459805.0
FRA,6,1610448.0
FRA,7,3402932.0
FRA,8,2564915.0
FRA,9,1305256.0
FRA,10,349465.0
FRA,11,1174945.0
FRA,12,1847481.0
FRA,13,2913036.0
FRA,14,721961.0
FRA,15,2311735.0
FRA,16,3140512.0
FRA,17,4063428.0
FRA,18,3873096.0
FRA,19,1923744.0
FRA,20,1824370.0
FRA,21,5131187.0
FRA,22,6778478.0
FRO,1,9717.2
FRO,2,5297.91
FRO,3,1129.13
FRO,4,21160.71
FRO,5,4205.63
FRO,6,3119.36
FSM,1,32034.08
FSM,2,2588.44
FSM,3,34236.55
FSM,4,8014.74
GAB,1,656819.72
GAB,2,392933.47
GAB,3,64768.62
GAB,4,95900.96
GAB,5,47019.85
GAB,6,60286.62
GAB,7,69158.9
GAB,8,117418.52
GAB,9,185044.46
GBR,1,55643829.68
GBR,2,1914634.88
GBR,3,5335073.5
GBR,4,3120994.23
GEO,1,296141.11
GEO,2,341666.55
GEO,3,106937.95
GEO,4,494056.16
GEO,5,298268.36
GEO,6,514215.18
GEO,7,96705.89
GEO,8,28902.21
GEO,9,296917.5
GEO,10,149664.77
GEO,11,251117.64
GEO,12,1106910.85
GHA,1,6313989.99
GHA,2,2682367.62
GHA,3,2733396.3
GHA,4,3053444.67
GHA,5,5042382.76
GHA,6,3163392.76
GHA,7,1088441.59
GHA,8,785056.04
GHA,9,2604131.73
GHA,10,2841804.18
GIN,1,1283535.43
GIN,2,1966723.36
GIN,3,1126099.1
GIN,4,2395949.42
GIN,5,1905698.62
GIN,6,1175435.89
GIN,7,864041.21
GIN,8,1862224.49
GLP,1,200092.67
GLP,2,206789.28
GMB,1,290876.57
GMB,2,83237.18
GMB,3,241694.49
GMB,4,247444.34
GMB,5,272534.84
GMB,6,1134540.42
GNB,1,270847.55
GNB,2,146093.79
GNB,3,545785.2
GNB,4,34796.28
GNB,5,236015.94
GNB,6,296918.63
GNB,7,291322.28
GNB,8,81900.3
GNB,9,116531.01
GNQ,1,3257.12
GNQ,2,233247.29
GNQ,3,25580.81
GNQ,4,108052.3
GNQ,5,139267.3
GNQ,6,288181.3
GNQ,7,154343.6
GRC,1,498489.38
GRC,2,1719.33
GRC,3,3780183.46
GRC,4,640287.84
GRC,5,614568.75
GRC,6,2499956.34
GRC,7,1390028.08
GRC,8,1254007.85
GRD,1,4793.18
GRD,2,28271.03
GRD,3,12343.71
GRD,4,38424.18
GRD,5,6566.81
GRD,6,3189.25
GRD,7,12288.03
GTM,1,1437962.97
GTM,2,335902.12
GTM,3,781243.29
GTM,4,449479.65
GTM,5,183665.33
GTM,6,818027.46
GTM,7,3591222.2
GTM,8,1419030.44
GTM,9,503871.97
GTM,10,399807.21
GTM,11,511703.16
GTM,12,870601.69
GTM,13,960569.2
GTM,14,1275800.0
GTM,15,371935.51
GTM,16,378523.63
GTM,17,1243484.04
GTM,18,407216.79
GTM,19,566334.7
GTM,20,634061.23
GTM,21,606282.95
GTM,22,252119.89
GUF,1,177284.04
GUF,2,119050.96
GUM,1,1254.12
GUM,2,5580.57
GUM,3,1889.65
GUM,4,8638.25
GUM,5,8630.06
GUM,6,50303.63
GUM,7,2489.82
GUM,8,1478.29
GUM,9,19794.2
GUM,10,1207.58
GUM,11,6186.52
GUM,12,1370.75
GUM,13,5193.6
GUM,14,982.05
GUM,15,2716.65
GUM,16,20710.19
GUM,17,747.61
GUM,18,23665.7
GUM,19,7098.25
GUY,1,30260.88
GUY,2,17722.04
GUY,3,300024.72
GUY,4,105008.68
GUY,5,97271.2
GUY,6,53427.81
GUY,7,40568.71
GUY,8,8343.84
GUY,9,39445.79
GUY,10,30905.59
HKG,1,229590.11
HKG,2,543487.94
HKG,3,104268.97
HKG,4,426846.43
HKG,5,309043.52
HKG,6,633215.34
HKG,7,355274.45
HKG,8,499728.56
HKG,9,575025.46
HKG,10,455420.57
HKG,11,168155.34
HKG,12,307585.1
HKG,13,380589.44
HKG,14,461010.42
HKG,15,113170.85
HKG,16,390655.91
HKG,17,366582.35
HKG,18,668654.9
HND,1,450281.23
HND,2,420381.6
HND,3,314490.05
HND,4,538729.28
HND,5,398573.02
HND,6,1632065.05
HND,7,457035.05
HND,8,1574198.93
HND,9,92111.01
HND,10,242320.37
HND,11,51813.02
HND,12,200523.71
HND,13,328466.36
HND,14,155064.1
HND,15,541389.61
HND,16,438820.1
HND,17,164457.21
HND,18,588892.16
HRV,1,109360.68
HRV,2,143688.52
HRV,3,111506.64
HRV,4,875465.25
HRV,5,198977.46
HRV,6,117514.2
HRV,7,108609.6
HRV,8,124354.3
HRV,9,48184.3
HRV,10,106340.44
HRV,11,281655.61
HRV,12,71773.55
HRV,13,281090.95
HRV,14,98059.32
HRV,15,161156.61
HRV,16,391162.15
HRV,17,168823.5
HRV,18,77796.25
HRV,19,155048.62
HRV,20,161654.16
HRV,21,249360.2
HTI,1,729521.76
HTI,2,472737.6
HTI,3,1773787.18
HTI,4,342151.17
HTI,7,1046436.01
HTI,5,358727.04
HTI,6,754942.87
HTI,8,4502583.62
HTI,10,667301.82
HTI,9,578705.91
HUN,1,470296.43
HUN,2,340255.41
HUN,3,321480.59
HUN,4,653019.82
HUN,5,1891680.04
HUN,6,382181.36
HUN,7,430974.08
HUN,8,460530.85
HUN,9,622859.64
HUN,10,298969.39
HUN,11,363552.05
HUN,12,247628.66
HUN,13,188031.7
HUN,14,1140941.32
HUN,15,290427.69
HUN,16,570390.32
HUN,17,209691.9
HUN,18,243341.65
HUN,19,312039.35
HUN,20,242160.64
IDN,1,4558711.56
IDN,2,4623369.66
IDN,3,1573166.77
IDN,4,13553551.82
IDN,5,1795632.09
IDN,6,1229847.71
IDN,7,10175918.67
IDN,8,3837084.46
IDN,9,50482553.05
IDN,10,32377197.19
IDN,11,38392291.92
IDN,12,4991973.58
IDN,13,4293276.46
IDN,14,2641203.9
IDN,15,4805388.9
IDN,16,2531223.68
IDN,17,8377458.54
IDN,19,1739842.31
IDN,18,1342305.73
IDN,20,4963735.41
IDN,21,5385261.58
IDN,23,6378678.72
IDN,22,1274260.8
IDN,24,7891204.34
IDN,25,1556790.3
IDN,26,8749350.47
IDN,27,3000688.65
IDN,28,2769734.77
IDN,29,2589540.81
IDN,30,5320263.22
IDN,31,7764133.65
IDN,32,13958602.5
IDN,33,3661373.4
IND,2,52397264.54
IND,3,1747572.19
IND,4,35299135.26
IND,5,7266063.64
IND,6,803911.69
IND,7,29715305.79
IND,8,545779.18
IND,9,187330.39
IND,10,1533792.27
IND,11,69586121.41
IND,12,29784909.43
IND,13,7702430.18
IND,14,5340249.17
IND,15,4480159.21
IND,16,69175009.38
IND,17,33725859.21
IND,19,23279373.25
IND,20,7623654.92
IND,21,3516613.04
IND,22,3802787.27
IND,23,1342808.29
IND,24,2050987.97
IND,25,18793487.75
IND,26,15706063.55
IND,27,1283583.46
IND,28,8961889.79
IND,29,68548437.0
IND,30,665096.35
IND,31,81787225.97
IND,32,39499507.41
IND,33,4016383.58
IND,34,93941944.59
IND,35,11934485.09
IND,36,100601316.6
IRQ,1,2425255.71
IRQ,2,3198300.66
IRQ,3,929783.75
IRQ,4,1798651.34
IRQ,5,1319538.83
IRQ,6,2447664.83
IRQ,7,2092230.39
IRQ,8,1693574.31
IRQ,9,2932526.72
IRQ,10,4423225.38
IRQ,11,2350057.75
IRQ,12,2575250.66
IRQ,13,2378518.99
IRQ,14,1247187.76
IRQ,15,1276491.02
IRQ,16,4078761.71
IRQ,17,3316431.03
IRQ,18,1485862.2
ISL,1,11848.1
ISL,2,27417.04
ISL,3,215265.58
ISL,4,6078.94
ISL,5,25723.98
ISL,6,23819.46
ISL,7,5655.17
ISL,8,13814.41
ITA,1,1298547.3
ITA,2,3846017.01
ITA,3,539963.59
ITA,4,1816623.64
ITA,5,5592168.04
ITA,6,4493272.18
ITA,7,1199412.9
ITA,8,5643498.44
ITA,9,1487750.46
ITA,10,10018457.92
ITA,11,1575202.1
ITA,12,296414.69
ITA,13,4337290.65
ITA,14,1579280.44
ITA,15,4759512.82
ITA,16,3694552.1
ITA,17,1066305.63
ITA,18,903031.41
ITA,19,124734.36
ITA,20,4963509.13
JAM,1,260374.06
JAM,2,68540.97
JAM,3,73109.72
JAM,4,197383.24
JAM,5,83672.41
JAM,6,607836.98
JAM,7,174377.52
JAM,8,553439.3
JAM,9,154396.57
JAM,10,184299.69
JAM,11,110894.84
JAM,12,98403.61
JAM,13,78635.78
JAM,14,147606.38
JOR,1,233856.16
JOR,2,2852085.29
JOR,3,170151.46
JOR,4,960087.65
JOR,5,1587025.55
JOR,6,149534.47
JOR,7,311037.76
JOR,8,141459.48
JOR,9,215202.03
JOR,10,449010.0
JOR,11,113548.29
JOR,12,968530.55
JPN,1,7415954.63
JPN,2,937403.05
JPN,3,1209783.94
JPN,4,5973182.09
JPN,5,1280412.78
JPN,6,745265.17
JPN,7,4859738.55
JPN,8,1850591.31
JPN,9,1985851.27
JPN,10,1933833.3
JPN,11,2642072.68
JPN,12,5055183.26
JPN,13,5354576.45
JPN,14,2861895.6
JPN,15,1116075.38
JPN,16,1181846.96
JPN,17,883726.73
JPN,18,1514419.43
JPN,19,8939506.11
JPN,20,669975.81
JPN,21,1700220.98
JPN,22,2558492.58
JPN,23,1741717.17
JPN,24,2235848.85
JPN,25,1046902.86
JPN,26,2008706.21
JPN,27,1229026.35
JPN,28,1292745.26
JPN,29,2180227.79
JPN,30,1095045.19
JPN,31,1868579.28
JPN,32,1352546.42
JPN,33,8524836.38
JPN,34,802031.63
JPN,35,7411459.09
JPN,36,1423368.38
JPN,37,672639.9
JPN,38,3580756.43
JPN,39,1938628.83
JPN,40,701755.66
JPN,41,14044234.73
JPN,42,497895.98
JPN,43,1009325.73
JPN,44,886257.81
JPN,45,1047367.34
JPN,46,1297997.77
JPN,47,802343.82
KAZ,1,3992004.41
KAZ,2,1878374.6
KAZ,3,922073.13
KAZ,4,532554.45
KAZ,5,1322676.01
KAZ,6,812392.72
KAZ,7,504246.47
KAZ,8,714252.89
KAZ,9,1316938.53
KAZ,10,795191.33
KAZ,11,844290.84
KAZ,12,3267311.56
KAZ,13,607699.54
KAZ,14,1095901.98
KEN,1,654261.57
KEN,2,900420.52
KEN,3,1836855.17
KEN,4,826250.48
KEN,5,410399.24
KEN,6,572978.74
KEN,7,939839.33
KEN,8,1061314.86
KEN,9,215492.04
KEN,10,821857.41
KEN,11,1648815.02
KEN,12,914419.72
KEN,13,1734236.38
KEN,14,1292421.09
KEN,15,575989.59
KEN,16,1286110.25
KEN,17,1093931.24
KEN,18,1129154.47
KEN,19,733366.93
KEN,20,473405.18
KEN,21,115628.46
KEN,22,1214995.95
KEN,23,1003395.73
KEN,24,1703139.61
KEN,25,316342.23
KEN,26,1523504.66
KEN,27,1032090.72
KEN,28,1045106.42
KEN,29,1029964.13
KEN,30,3937684.85
KEN,31,1965218.0
KEN,32,935248.63
KEN,33,1079271.97
KEN,34,683334.55
KEN,35,657956.94
KEN,36,745255.21
KEN,37,269103.11
KEN,38,966690.64
KEN,39,334826.09
KEN,40,341389.61
KEN,41,401666.22
KEN,42,989581.55
KEN,43,1009966.61
KEN,44,1123861.94
KEN,45,612154.25
KEN,46,1103622.0
KEN,47,649806.85
KGZ,1,427674.82
KGZ,2,1167423.49
KGZ,3,830130.39
KGZ,4,1217853.31
KGZ,5,285451.58
KGZ,7,1233850.71
KGZ,6,353641.39
KGZ,8,280488.97
KGZ,9,455679.77
KHM,1,809701.16
KHM,2,1680075.48
KHM,3,809227.51
KHM,4,476738.46
KHM,5,765257.74
KHM,6,648232.31
KHM,7,671105.85
KHM,8,1372930.2
KHM,9,142203.92
KHM,10,39560.32
KHM,11,391856.99
KHM,12,351852.3
KHM,13,224034.22
KHM,14,134871.16
KHM,15,862223.58
KHM,16,1994528.42
KHM,17,383261.28
KHM,18,338227.03
KHM,19,831669.01
KHM,20,237267.85
KHM,21,1379129.38
KHM,22,146772.67
KHM,23,426062.1
KHM,24,792670.22
KHM,25,839424.79
KNA,1,3131.09
KNA,2,2283.7
KNA,3,11253.29
KNA,4,3553.58
KNA,5,2422.51
KNA,6,3202.63
KNA,7,5656.27
KNA,8,3487.92
KNA,9,2224.95
KNA,10,2033.82
KNA,11,5282.22
KNA,12,2132.53
KNA,13,2074.32
KNA,14,1483.56
KOR,1,2804346.9
KOR,2,1652404.26
KOR,3,1959052.27
KOR,4,2027145.28
KOR,5,1567598.73
KOR,6,1436449.58
KOR,7,1371080.82
KOR,8,15100533.47
KOR,9,2889262.21
KOR,10,3343881.26
KOR,11,2825688.8
KOR,12,543629.93
KOR,13,1629851.31
KOR,14,1659701.82
KOR,15,58403.18
KOR,16,8862525.1
KOR,17,974616.82
KWT,1,826646.46
KWT,2,1240854.06
KWT,3,417055.9
KWT,4,484053.14
KWT,5,855814.17
KWT,6,472223.88
LAO,1,150950.44
LAO,2,186761.73
LAO,3,379912.66
LAO,4,744570.37
LAO,5,291952.23
LAO,6,422149.65
LAO,7,181537.24
LAO,8,435903.96
LAO,9,328584.28
LAO,10,153226.49
LAO,11,432367.94
LAO,12,1041124.29
LAO,14,489882.87
LAO,13,975012.23
LAO,15,389140.98
LAO,16,82835.99
LAO,17,131116.91
LAO,18,259628.63
LBN,1,113314.11
LBN,2,320651.63
LBN,3,517573.09
LBN,4,306076.17
LBN,5,2707001.28
LBN,6,450085.9
LBN,7,691395.59
LBN,8,720299.02
LBR,1,178436.08
LBR,2,408415.28
LBR,3,115081.0
LBR,4,175627.1
LBR,5,278144.44
LBR,6,187430.11
LBR,7,61381.96
LBR,8,364585.87
LBR,9,423266.31
LBR,10,207919.64
LBR,11,1639924.09
LBR,12,632117.86
LBR,13,109290.23
LBR,14,112356.28
LBR,15,134468.64
LBY,1,172937.26
LBY,2,235448.86
LBY,3,312567.36
LBY,4,222290.99
LBY,5,57296.55
LBY,6,53746.11
LBY,7,131704.96
LBY,8,568479.89
LBY,9,196341.98
LBY,10,326540.65
LBY,11,408983.29
LBY,12,829187.88
LBY,13,162004.92
LBY,14,25826.67
LBY,15,421707.97
LBY,16,85004.22
LBY,17,111522.65
LBY,18,147783.1
LBY,19,154108.75
LBY,20,1457174.83
LBY,21,86662.84
LBY,22,86795.56
LCA,1,10260.73
LCA,2,3072.7
LCA,3,66508.03
LCA,4,5605.31
LCA,5,14038.64
LCA,6,33227.21
LCA,7,6475.6
LCA,8,21049.15
LCA,9,8982.97
LCA,10,18224.03
LIE,1,4648.28
LIE,2,3809.3
LIE,3,1893.45
LIE,4,3584.24
LIE,5,152.18
LIE,6,2391.55
LIE,7,5450.83
LIE,8,623.95
LIE,9,4348.42
LIE,10,3060.4
LIE,11,8303.86
LKA,1,664415.71
LKA,2,935011.84
LKA,3,822179.82
LKA,4,469910.32
LKA,5,2285417.88
LKA,6,1094865.27
LKA,7,2443592.97
LKA,8,640300.36
LKA,9,573906.6
LKA,10,1301482.8
LKA,11,1437278.3
LKA,12,863634.96
LKA,13,77231.91
LKA,14,1733797.93
LKA,15,86245.21
LKA,16,505534.31
LKA,17,816202.49
LKA,18,485155.57
LKA,19,50121.62
LKA,20,693370.3
LKA,21,425872.98
LKA,22,782409.72
LKA,23,1126082.46
LKA,24,402237.18
LKA,25,166817.75
LSO,1,331489.89
LSO,2,130141.82
LSO,3,331100.25
LSO,4,205466.9
LSO,5,543352.78
LSO,6,190363.21
LSO,7,137489.57
LSO,8,83800.2
LSO,9,141243.78
LSO,10,149970.16
LTU,1,136654.77
LTU,2,545075.71
LTU,3,319888.86
LTU,4,143800.28
LTU,5,214919.62
LTU,6,260805.36
LTU,7,85480.38
LTU,8,132805.59
LTU,9,128752.99
LTU,10,822106.48
LVA,1,252150.07
LVA,2,286452.78
LVA,3,937053.9
LVA,4,196899.03
LVA,5,240826.84
MAC,1,116893.2
MAC,2,433093.14
MDA,1,104061.77
MDA,2,106170.1
MDA,3,20354.15
MDA,4,84584.22
MDA,5,79002.26
MDA,6,178907.97
MDA,7,71127.85
MDA,8,67029.28
MDA,9,78813.71
MDA,10,753363.58
MDA,11,68846.96
MDA,12,55970.35
MDA,13,34206.16
MDA,14,104473.01
MDA,15,33053.94
MDA,16,78474.13
MDA,17,93921.81
MDA,18,111039.57
MDA,19,125124.89
MDA,20,61419.28
MDA,21,138320.62
MDA,22,125385.84
MDA,23,52670.11
MDA,24,56723.45
MDA,25,45584.67
MDA,26,112230.59
MDA,27,52219.78
MDA,28,61556.36
MDA,29,91938.99
MDA,30,41490.41
MDA,31,94145.86
MDA,32,70569.2
MDA,33,85894.75
MDA,34,44937.93
MDA,35,72785.07
MDA,36,433344.63
MDA,37,107945.26
MDG,1,6941128.37
MDG,2,1808052.31
MDG,3,5077933.06
MDG,4,3078311.93
MDG,5,3402366.42
MDG,6,3802659.32
MEX,1,1376614.75
MEX,3,3624951.06
MEX,2,962218.83
MEX,4,926844.07
MEX,5,5808133.18
MEX,6,3637355.99
MEX,7,3615992.94
MEX,8,828366.77
MEX,9,7977494.55
MEX,10,1439299.72
MEX,11,6673846.63
MEX,12,3854703.64
MEX,13,3741778.79
MEX,14,9241770.8
MEX,15,18668938.52
MEX,16,5028472.1
MEX,17,2101277.27
MEX,18,1253469.8
MEX,19,9815071.37
MEX,20,4326296.79
MEX,21,6865079.29
MEX,22,2354218.66
MEX,23,1752576.65
MEX,24,2842109.59
MEX,25,2965982.4
MEX,26,3153938.42
MEX,27,2692388.56
MEX,28,3729784.6
MEX,29,1129552.9
MEX,30,8259142.75
MEX,31,2199763.45
MEX,32,1744305.09
MKD,1,81789.99
MKD,2,14305.99
MKD,3,12489.71
MKD,4,90543.16
MKD,5,9413.7
MKD,6,31725.21
MKD,7,14524.08
MKD,8,15382.52
MKD,9,98032.64
MKD,10,6878.01
MKD,11,7702.74
MKD,12,9101.51
MKD,13,7192.66
MKD,14,7030.52
MKD,15,18064.65
MKD,16,20849.17
MKD,17,4841.27
MKD,18,15988.41
MKD,19,8012.15
MKD,20,3659.69
MKD,21,14757.75
MKD,22,2971.1
MKD,23,80768.13
MKD,24,22133.81
MKD,25,37178.19
MKD,26,83506.35
MKD,27,3421.8
MKD,28,18806.88
MKD,29,10048.34
MKD,30,4492.42
MKD,31,59882.45
MKD,32,38955.48
MKD,33,29650.23
MKD,34,23377.04
MKD,35,38077.23
MKD,36,3558.13
MKD,37,8515.63
MKD,38,19100.49
MKD,39,5491.09
MKD,40,9708.79
MKD,41,107591.53
MKD,42,4451.01
MKD,43,30285.07
MKD,44,2354.29
MKD,45,7573.9
MKD,46,5879.52
MKD,47,9037.24
MKD,48,6248.18
MKD,49,19684.86
MKD,50,3176.82
MKD,51,10784.57
MKD,52,48847.88
MKD,53,11158.62
MKD,54,4868.91
MKD,55,9092.17
MKD,56,5142.84
MKD,57,75593.86
MKD,58,15217.09
MKD,59,29458.37
MKD,60,3851.16
MKD,61,15390.48
MKD,62,4148.77
MKD,63,46368.15
MKD,64,40734.04
MKD,65,3199.16
MKD,66,3627.84
MKD,67,48392.03
MKD,68,65066.43
MKD,69,55697.47
MKD,70,19113.05
MKD,71,21668.43
MKD,72,17531.66
MKD,73,24837.55
MKD,74,92745.58
MKD,75,11530.49
MKD,76,14590.42
MKD,77,54747.24
MKD,78,1718.77
MKD,79,20133.87
MKD,80,1315.3
MKD,81,28900.34
MKD,82,12043.42
MKD,83,5111.76
MKD,84,30846.15
MKD,85,1769.26
MLI,1,2318097.96
MLI,2,669068.51
MLI,3,2322243.71
MLI,4,88331.89
MLI,5,3168133.43
MLI,6,2315180.43
MLI,7,2689222.15
MLI,8,3147141.33
MLI,9,837834.56
MLT,1,92992.46
MLT,2,29737.73
MLT,3,96219.37
MLT,4,94944.9
MLT,5,87740.26
MNG,1,73239.66
MNG,2,80143.48
MNG,3,67954.8
MNG,4,45857.35
MNG,5,99100.55
MNG,6,63225.74
MNG,7,64971.07
MNG,8,29002.38
MNG,9,47081.67
MNG,10,44636.65
MNG,11,14041.3
MNG,12,60529.45
MNG,13,67345.21
MNG,14,110367.05
MNG,15,79448.82
MNG,16,106547.49
MNG,17,91060.02
MNG,18,92122.99
MNG,19,46711.67
MNG,20,77347.76
MNG,21,1756433.38
MNG,22,59403.56
MNP,2,2571.54
MNP,3,49447.27
MNP,4,3356.86
MOZ,1,2269613.41
MOZ,2,1586040.31
MOZ,3,1548777.26
MOZ,4,2441838.98
MOZ,6,856480.54
MOZ,5,2649340.56
MOZ,7,6235714.56
MOZ,8,2262037.59
MOZ,9,2418872.25
MOZ,10,3631159.03
MOZ,11,5975866.6
MRT,1,66893.57
MRT,2,361791.24
MRT,3,353038.48
MRT,4,140714.92
MRT,5,370142.52
MRT,6,296419.72
MRT,7,507867.77
MRT,8,333825.86
MRT,9,24179.76
MRT,10,1147106.16
MRT,11,91814.97
MRT,12,59875.13
MRT,13,282500.17
MSR,1,0.51
MSR,3,5129.63
MUS,1,209.86
MUS,2,78838.33
MUS,3,138135.24
MUS,4,96126.13
MUS,5,88574.04
MUS,6,136064.28
MUS,7,366504.92
MUS,8,107089.84
MUS,9,110762.75
MUS,10,43451.31
MUS,12,68753.02
MWI,1,405602.06
MWI,2,1246788.95
MWI,3,552612.68
MWI,4,358605.56
MWI,5,240704.48
MWI,6,809158.64
MWI,7,740518.73
MWI,8,352656.32
MWI,9,818661.32
MWI,10,12421.74
MWI,11,2706569.02
MWI,12,659627.29
MWI,13,1038195.98
MWI,14,620338.73
MWI,15,647246.61
MWI,16,127812.83
MWI,17,1148124.66
MWI,18,146424.77
MWI,19,284218.21
MWI,20,393476.34
MWI,21,297427.18
MWI,22,599603.62
MWI,23,293442.86
MWI,24,406617.93
MWI,25,221703.05
MWI,26,456098.9
MWI,27,766280.08
MWI,28,814937.28
MYS,1,3815334.92
MYS,2,2147441.91
MYS,3,1554980.28
MYS,4,1927380.52
MYS,5,84488.95
MYS,6,937281.45
MYS,7,1122279.31
MYS,8,1567721.57
MYS,9,2515384.83
MYS,10,235854.25
MYS,11,1707753.98
MYS,12,78729.68
MYS,13,3946815.24
MYS,14,2660413.06
MYS,15,6653979.94
MYS,16,1064092.18
MYT,1,4865.47
MYT,2,12965.58
MYT,3,10214.06
MYT,4,7471.67
MYT,5,7082.26
MYT,6,10736.56
MYT,7,14425.84
MYT,8,16478.65
MYT,9,5428.64
MYT,10,37106.38
MYT,11,4186.65
MYT,12,69854.13
MYT,13,8441.33
MYT,14,14457.72
MYT,15,12083.73
MYT,16,13990.23
MYT,17,12494.66
NAM,1,94801.36
NAM,2,232440.82
NAM,3,103165.5
NAM,4,266990.69
NAM,5,508302.94
NAM,6,117451.51
NAM,7,291586.46
NAM,8,84551.83
NAM,9,288568.77
NAM,10,216067.67
NAM,11,229773.04
NAM,12,175690.5
NAM,13,114157.45
NCL,1,9540.67
NCL,2,42227.41
NCL,3,213937.69
NER,1,561925.55
NER,2,709416.74
NER,3,2304004.67
NER,4,3902787.74
NER,5,1131412.72
NER,6,3954830.47
NER,7,3099849.89
NER,8,4215939.3
NGA,1,3990068.71
NGA,2,4422413.82
NGA,3,6056790.26
NGA,4,5767902.02
NGA,5,6934060.07
NGA,6,2460935.7
NGA,7,6097623.03
NGA,8,6248000.84
NGA,9,3829142.19
NGA,10,5955784.88
NGA,11,3049941.44
NGA,12,4464708.02
NGA,13,3437835.58
NGA,14,4583167.33
NGA,15,4623436.86
NGA,16,3542020.72
NGA,17,5769919.91
NGA,18,6147757.1
NGA,19,8788300.69
NGA,20,14056400.24
NGA,21,8294936.29
NGA,22,4749958.25
NGA,23,4741778.78
NGA,24,3356101.01
NGA,25,13198251.37
NGA,26,2685291.67
NGA,27,5964372.54
NGA,28,5769420.32
NGA,29,4962438.94
NGA,30,5070862.18
NGA,31,8338009.61
NGA,32,4551194.64
NGA,33,7244412.73
NGA,34,5351289.37
NGA,35,3221398.69
NGA,36,3558627.71
NGA,37,4748085.54
NIC,1,553416.67
NIC,2,399143.69
NIC,3,163506.84
NIC,4,179892.21
NIC,5,387874.31
NIC,6,154017.29
NIC,7,235732.66
NIC,8,164275.87
NIC,9,541772.3
NIC,10,29470.83
NIC,11,360356.25
NIC,12,163721.38
NIC,13,1493268.63
NIC,14,352493.93
NIC,15,631767.31
NIC,16,270042.78
NIC,17,143323.01
NIC,18,145114.18
NLD,1,511821.16
NLD,2,455898.65
NLD,3,656973.39
NLD,4,2045669.7
NLD,5,563820.34
NLD,6,9173.75
NLD,7,1075746.01
NLD,8,2503372.26
NLD,9,2805013.36
NLD,10,1158099.44
NLD,11,1327580.27
NLD,12,374165.69
NLD,13,10129.57
NLD,14,3626561.88
NPL,1,12445402.57
NPL,2,7565374.82
NPL,3,3380147.22
NPL,4,2773141.69
NPL,5,3915088.31
NRU,1,406.73
NRU,2,556.34
NRU,3,635.3
NRU,4,202.46
NRU,5,559.76
NRU,6,638.34
NRU,7,431.28
NRU,8,1002.81
NRU,9,293.3
NRU,10,127.58
NRU,11,347.5
NRU,12,427.17
NRU,13,43.91
NRU,14,624.96
NZL,1,1531523.3
NZL,2,291095.29
NZL,3,609966.02
NZL,4,596.13
NZL,5,45143.44
NZL,6,163168.26
NZL,7,234456.57
NZL,8,46080.57
NZL,9,51834.48
NZL,11,155152.47
NZL,12,201557.28
NZL,14,99435.43
NZL,15,121677.0
NZL,16,49744.9
NZL,17,442463.99
NZL,18,520663.68
NZL,19,34127.9
OMN,1,664742.72
OMN,2,896646.25
OMN,3,452510.38
OMN,4,86128.39
OMN,5,223535.87
OMN,6,152177.89
OMN,7,290748.94
OMN,8,200272.38
OMN,9,461315.67
OMN,10,47939.53
OMN,11,1307013.72
PAK,1,2923444.75
PAK,2,7000650.94
PAK,3,4350680.18
PAK,4,2036081.39
PAK,5,29402063.27
PAK,6,880850.32
PAK,7,112379709.0
PAK,8,43352732.09
PAN,1,175336.95
PAN,2,485160.89
PAN,3,274796.92
PAN,4,273149.94
PAN,5,58192.08
PAN,6,12496.59
PAN,7,120355.28
PAN,8,21922.54
PAN,9,98333.45
PAN,10,220826.21
PAN,12,1545254.99
PAN,11,586722.49
PAN,13,253825.92
PER,1,407342.67
PER,2,1115244.7
PER,3,406782.09
PER,4,1476108.31
PER,5,748034.95
PER,6,1462559.71
PER,7,863515.96
PER,8,1307712.49
PER,9,548331.05
PER,10,853690.75
PER,11,840591.08
PER,12,1498914.73
PER,13,1967764.2
PER,14,1248251.15
PER,16,985289.15
PER,15,9815005.6
PER,17,1089365.5
PER,18,170886.34
PER,19,189884.9
PER,20,344018.25
PER,21,1889551.3
PER,22,1491265.5
PER,23,961788.53
PER,24,361019.55
PER,25,232594.25
PER,26,586147.72
PHL,1,245012.0
PHL,2,723186.05
PHL,3,840398.81
PHL,4,587350.39
PHL,5,1296369.1
PHL,6,580339.45
PHL,7,142666.81
PHL,8,234033.5
PHL,9,193570.93
PHL,10,755879.12
PHL,11,16807.17
PHL,12,2813220.86
PHL,13,901753.06
PHL,14,158033.46
PHL,15,1222142.38
PHL,16,1747630.63
PHL,17,3416381.41
PHL,18,1281396.57
PHL,19,609076.62
PHL,20,2195935.11
PHL,21,63969.43
PHL,22,756766.4
PHL,23,251942.87
PHL,24,3973541.45
PHL,25,5007993.71
PHL,26,871566.58
PHL,27,1339150.23
PHL,28,2634819.45
PHL,29,601588.89
PHL,30,113192.09
PHL,31,418469.19
PHL,32,200023.69
PHL,33,225882.54
PHL,34,622445.18
PHL,35,702699.68
PHL,36,2480773.64
PHL,37,1767828.91
PHL,38,284040.46
PHL,39,781354.42
PHL,40,3574220.77
PHL,41,1152829.56
PHL,42,569429.01
PHL,43,1839317.08
PHL,44,877635.6
PHL,45,213085.69
PHL,46,918507.22
PHL,47,12413009.83
PHL,48,633745.15
PHL,49,1764152.17
PHL,50,172390.83
PHL,51,2884781.12
PHL,52,1426194.08
PHL,53,1642506.91
PHL,54,598664.85
PHL,55,2349564.29
PHL,56,500912.74
PHL,57,519434.29
PHL,58,922002.26
PHL,59,1282706.46
PHL,60,2688128.74
PHL,61,3158180.02
PHL,62,2196385.32
PHL,63,227438.57
PHL,64,3287493.31
PHL,65,247103.19
PHL,66,735180.49
PHL,67,560262.57
PHL,68,90961.16
PHL,69,760397.52
PHL,70,1615342.53
PHL,71,345206.26
PHL,72,1015554.27
PHL,73,345337.83
PHL,74,479958.88
PHL,75,579056.35
PHL,76,1356438.72
PHL,77,91759.86
PHL,78,859094.21
PHL,79,1103399.75
PHL,80,1943936.34
PHL,81,694643.04
PLW,1,399.48
PLW,2,4628.74
PLW,3,1245.64
PLW,5,105.94
PLW,6,7228.87
PLW,7,990.36
PLW,8,53.28
PLW,9,1659.12
PLW,10,54.03
PLW,11,1508.5
PLW,12,162.38
PLW,13,160.11
PLW,14,19.87
PLW,15,190.52
PNG,1,254548.77
PNG,2,251623.24
PNG,3,537646.83
PNG,4,271826.24
PNG,5,468368.82
PNG,6,677250.5
PNG,7,598623.08
PNG,8,115843.37
PNG,9,542483.39
PNG,10,510091.58
PNG,11,527446.25
PNG,12,38083.53
PNG,13,257419.26
PNG,14,670178.36
PNG,15,334229.35
PNG,16,143655.33
PNG,17,197757.04
PNG,18,235141.31
PNG,19,636672.09
PNG,20,253053.03
PNG,22,184083.97
PNG,21,425829.04
POL,1,3107868.28
POL,2,2091558.36
POL,3,2420420.01
POL,4,2113105.96
POL,5,1005013.72
POL,6,3363141.9
POL,7,5370192.88
POL,8,951637.58
POL,9,2113470.02
POL,10,1172502.37
POL,11,2328494.26
POL,12,4440944.46
POL,13,1243881.42
POL,14,1445957.61
POL,15,3487441.85
POL,16,1711594.01
PRI,1,19590.07
PRI,2,40350.95
PRI,3,56688.48
PRI,4,27427.25
PRI,5,25227.33
PRI,6,30726.23
PRI,7,90149.39
PRI,8,19845.57
PRI,9,26057.16
PRI,10,32583.49
PRI,11,201121.07
PRI,12,54014.96
PRI,13,142469.65
PRI,14,34338.87
PRI,15,56757.62
PRI,16,167483.16
PRI,17,25641.73
PRI,18,50212.65
PRI,19,10695.03
PRI,20,17872.95
PRI,21,40386.73
PRI,22,42851.34
PRI,23,20208.72
PRI,24,37143.44
PRI,25,1732.75
PRI,26,40359.1
PRI,27,31853.63
PRI,28,12454.81
PRI,29,17028.96
PRI,30,42726.53
PRI,31,19478.15
PRI,32,83598.27
PRI,33,59672.2
PRI,34,43952.53
PRI,35,16009.81
PRI,36,55514.37
PRI,37,46630.61
PRI,38,15790.24
PRI,39,47842.59
PRI,40,44486.8
PRI,41,23150.17
PRI,42,26824.59
PRI,43,8782.8
PRI,44,43410.91
PRI,45,18847.12
PRI,46,20230.57
PRI,47,42954.86
PRI,48,5789.53
PRI,49,11359.15
PRI,50,81174.97
PRI,51,41158.91
PRI,52,35061.81
PRI,53,29834.9
PRI,54,30396.24
PRI,55,23516.31
PRI,56,18798.69
PRI,57,22496.13
PRI,58,146771.27
PRI,59,26141.8
PRI,60,13615.64
PRI,61,51917.01
PRI,62,24253.36
PRI,63,30232.07
PRI,64,34661.77
PRI,65,360966.24
PRI,66,40567.46
PRI,67,41566.88
PRI,68,24723.41
PRI,69,86688.73
PRI,70,95072.76
PRI,71,72024.63
PRI,72,30583.68
PRI,73,36475.83
PRI,74,56249.72
PRI,75,8458.59
PRI,76,23284.12
PRI,77,34909.34
PRI,78,39147.56
PRT,1,660245.63
PRT,2,211983.17
PRT,3,137621.4
PRT,4,799459.94
PRT,5,120930.32
PRT,6,176859.89
PRT,7,400974.55
PRT,8,153069.56
PRT,9,473917.16
PRT,10,138866.65
PRT,11,454734.51
PRT,12,2203492.53
PRT,13,250171.29
PRT,14,104940.0
PRT,15,1721305.76
PRT,16,430233.23
PRT,17,852513.51
PRT,18,228126.96
PRT,19,184897.97
PRT,20,350085.47
PRY,1,17172.65
PRY,2,820530.86
PRY,3,168387.99
PRY,4,494759.95
PRY,5,65838.06
PRY,6,536966.88
PRY,7,180578.32
PRY,8,242276.66
PRY,9,2191503.39
PRY,10,240120.01
PRY,11,289716.14
PRY,12,213646.39
PRY,13,589888.46
PRY,14,117801.59
PRY,15,84476.32
PRY,16,243513.23
PRY,17,124268.9
PRY,18,414727.49
PYF,1,6539.75
PYF,2,198533.81
PYF,3,7228.18
PYF,4,26362.89
PYF,5,7742.58
QAT,1,1107940.91
QAT,2,38522.62
QAT,3,303318.76
QAT,4,210648.82
QAT,5,690574.63
QAT,6,10374.44
QAT,7,76220.04
REU,1,116625.85
REU,2,277166.52
REU,3,173645.48
REU,4,278559.33
ROU,1,172281.15
ROU,2,225003.86
ROU,3,320950.2
ROU,4,302504.11
ROU,5,308246.53
ROU,6,147472.99
ROU,7,208393.42
ROU,8,287411.81
ROU,9,156108.33
ROU,10,1019446.8
ROU,11,230876.25
ROU,12,8497620.88
ROU,13,147544.3
ROU,14,378620.65
ROU,15,364818.04
ROU,16,111151.24
ROU,17,277534.45
ROU,18,333902.35
ROU,19,261675.65
ROU,20,150174.51
ROU,21,169641.12
ROU,22,165881.4
ROU,23,203234.62
ROU,24,405825.58
ROU,25,144877.94
ROU,26,275102.05
ROU,27,247604.87
ROU,28,129620.47
ROU,29,292696.46
ROU,30,225340.85
ROU,31,218976.24
ROU,32,393567.81
ROU,33,113968.91
ROU,34,179679.11
ROU,35,209340.2
ROU,36,327043.91
ROU,37,186297.29
ROU,38,383284.82
ROU,39,99273.62
ROU,40,188375.87
ROU,41,193348.31
ROU,42,167447.26
RWA,1,1844866.11
RWA,2,3028249.11
RWA,3,3647706.44
RWA,4,2809813.98
RWA,5,1605951.91
SAU,1,2164636.63
SAU,2,452598.04
SAU,3,389111.76
SAU,4,632974.16
SAU,5,2165636.43
SAU,6,1537466.82
SAU,7,9070367.42
SAU,8,5353083.52
SAU,9,712968.62
SAU,10,1668582.35
SAU,11,8616019.61
SAU,12,631451.72
SAU,13,846101.52
SEN,1,3494690.33
SEN,2,1676076.8
SEN,3,798794.72
SEN,4,638865.58
SEN,5,1072357.97
SEN,6,168046.66
SEN,7,742555.47
SEN,8,964935.58
SEN,9,623005.34
SEN,10,1006281.55
SEN,11,509747.52
SEN,12,766539.03
SEN,13,1976270.77
SEN,14,610261.6
SGP,1,1298577.13
SGP,2,975852.43
SGP,3,871140.92
SGP,4,1382975.84
SGP,5,1404528.42
SLB,1,17149.02
SLB,2,22294.38
SLB,3,134523.04
SLB,4,75659.83
SLB,5,26206.56
SLB,6,43151.11
SLB,7,128202.71
SLB,8,3684.03
SLB,9,15208.64
SLB,10,60730.61
SLE,1,1564145.65
SLE,2,2384165.25
SLE,3,1630375.44
SLE,4,1499254.03
SLV,1,362549.18
SLV,2,151716.84
SLV,3,229947.0
SLV,4,273004.99
SLV,5,785698.88
SLV,6,341847.56
SLV,7,212223.9
SLV,8,172629.22
SLV,9,436578.27
SLV,10,1674902.45
SLV,11,169265.46
SLV,12,558327.17
SLV,13,487279.48
SLV,14,349915.53
SMR,1,1737.85
SMR,2,6400.93
SMR,3,809.36
SMR,4,3970.84
SMR,5,1021.12
SMR,6,2260.67
SMR,7,1055.24
SMR,8,2817.52
SMR,9,9399.77
SRB,1,102714.43
SRB,2,165482.09
SRB,3,1654854.08
SRB,4,184055.85
SRB,5,604617.1
SRB,6,308936.45
SRB,7,147554.86
SRB,8,209368.11
SRB,9,192201.42
SRB,10,358694.72
SRB,11,121171.36
SRB,12,77103.58
SRB,13,168617.45
SRB,14,193323.64
SRB,15,215792.03
SRB,16,307508.35
SRB,17,163695.63
SRB,18,126537.24
SRB,19,173642.58
SRB,20,313874.98
SRB,21,270448.79
SRB,22,76654.53
SRB,23,98990.43
SRB,24,156938.27
SRB,25,245596.17
STP,1,8212.48
STP,2,183286.04
SUR,1,12408.09
SUR,2,38310.72
SUR,3,17335.81
SUR,4,18257.92
SUR,5,28526.19
SUR,6,36291.55
SUR,7,207028.82
SUR,8,16897.44
SUR,9,36045.28
SUR,10,153255.24
SVK,1,662661.1
SVK,2,613120.64
SVK,3,817509.03
SVK,4,665690.45
SVK,5,842379.75
SVK,6,586542.87
SVK,7,557118.3
SVK,8,685783.72
SWZ,1,392151.97
SWZ,2,276053.37
SWZ,3,454903.5
SWZ,4,241560.93
SYC,1,3836.04
SYC,2,3573.97
SYC,3,5110.69
SYC,4,2953.07
SYC,5,4038.86
SYC,6,3208.23
SYC,7,5347.09
SYC,8,4608.6
SYC,9,1625.07
SYC,10,2674.21
SYC,11,4526.09
SYC,12,2793.64
SYC,13,3536.44
SYC,14,3405.3
SYC,15,2831.77
SYC,16,2844.87
SYC,17,2393.37
SYC,18,1011.72
SYC,19,2484.71
SYC,20,305.9
SYC,21,5877.68
SYC,22,2460.18
SYC,23,2634.63
SYC,24,1858.07
SYC,25,1686.53
SYC,26,3032.0
TCA,1,4166.51
TCA,2,88.32
TCA,3,949.87
TCA,4,29377.62
TCA,5,80.37
TCA,6,626.4
TCD,1,347633.06
TCD,2,608337.83
TCD,3,179683.88
TCD,4,695617.1
TCD,5,119115.52
TCD,6,80980.97
TCD,7,678108.28
TCD,8,683631.97
TCD,9,450109.24
TCD,10,541543.76
TCD,11,763850.45
TCD,12,1064563.32
TCD,13,763933.45
TCD,14,918461.27
TCD,15,679062.0
TCD,16,724488.67
TCD,17,960670.2
TCD,18,370941.25
TCD,19,514144.35
TCD,20,774782.46
TCD,21,33767.4
TCD,22,1207896.72
TCD,23,831873.22
TGO,1,806086.42
TGO,2,901133.47
TGO,3,3715065.46
TGO,4,1698246.58
TGO,5,1139277.85
THA,1,208574.8
THA,2,223302.85
THA,3,10026567.69
THA,4,307731.22
THA,5,1007503.57
THA,6,759473.09
THA,7,240864.45
THA,8,788218.66
THA,9,457109.38
THA,10,1866613.18
THA,11,1130657.93
THA,12,2150178.93
THA,13,452461.34
THA,14,686453.29
THA,15,876866.29
THA,16,813394.83
THA,17,1627317.52
THA,18,355392.83
THA,19,638728.26
THA,20,406559.48
THA,21,461314.43
THA,22,739353.65
THA,23,192951.19
THA,24,672009.04
THA,25,385617.56
THA,26,239606.22
THA,27,1014288.36
THA,28,461562.99
THA,29,2297801.52
THA,30,839775.5
THA,31,1328929.21
THA,32,440085.64
THA,33,627032.8
THA,34,456613.02
THA,35,393726.49
THA,36,2065308.41
THA,37,2403452.04
THA,38,567150.24
THA,39,260117.84
THA,40,431700.04
THA,41,322656.52
THA,42,851494.34
THA,43,474998.44
THA,44,490459.84
THA,45,976761.33
THA,46,720981.37
THA,47,474346.98
THA,48,1013855.26
THA,49,682213.22
THA,50,447125.75
THA,51,349184.67
THA,52,747893.75
THA,53,1192088.69
THA,54,872781.45
THA,55,604535.88
THA,56,794184.1
THA,57,2980686.44
THA,58,1552086.15
THA,59,152980.08
THA,60,843283.19
THA,61,278160.51
THA,62,844567.47
THA,63,141611.89
THA,64,1608366.44
THA,65,622631.5
THA,66,777144.56
THA,67,1086557.29
THA,68,883274.6
THA,69,525082.91
THA,70,553639.46
THA,71,257121.54
THA,72,1676823.08
THA,73,1046743.79
THA,74,269685.21
THA,75,383312.79
THA,76,421445.35
THA,77,394829.65
TJK,1,975624.93
TJK,2,202960.12
TJK,3,3382430.15
TJK,4,2664563.3
TJK,5,2168071.59
TKM,1,882197.72
TKM,2,789094.13
TKM,3,470645.29
TKM,4,1125676.86
TKM,5,1251229.01
TKM,6,1158877.81
TLS,1,68106.19
TLS,2,61734.69
TLS,3,69916.64
TLS,4,122596.43
TLS,5,98310.2
TLS,6,67366.83
TLS,7,358923.25
TLS,8,136142.64
TLS,9,62704.84
TLS,10,75869.12
TLS,11,53951.11
TLS,12,51261.27
TLS,13,79485.68
TON,1,3398.89
TON,2,4523.23
TON,3,751.82
TON,4,76235.07
TON,5,12981.09
TTO,1,34981.84
TTO,2,97453.22
TTO,3,189804.09
TTO,4,102738.36
TTO,5,38548.36
TTO,6,93968.98
TTO,7,17868.37
TTO,8,29998.15
TTO,9,107555.81
TTO,10,45179.79
TTO,11,152696.13
TTO,12,84092.18
TTO,13,90909.7
TTO,14,65267.41
TTO,15,221163.89
TUN,1,544201.27
TUN,2,304623.39
TUN,3,679507.77
TUN,4,571544.91
TUN,5,380076.21
TUN,6,343421.01
TUN,7,403813.69
TUN,8,587707.65
TUN,9,441341.06
TUN,10,160947.55
TUN,11,242295.45
TUN,12,431545.17
TUN,13,264048.01
TUN,14,485706.18
TUN,15,552210.43
TUN,16,813224.38
TUN,17,982504.43
TUN,18,440448.82
TUN,19,225518.62
TUN,20,682311.46
TUN,21,156169.35
TUN,22,111490.29
TUN,23,1243211.97
TUN,24,184147.59
TUR,1,1958505.78
TUR,2,577320.91
TUR,3,660269.79
TUR,4,570804.39
TUR,5,382739.37
TUR,6,325231.89
TUR,7,6076279.1
TUR,8,2125123.12
TUR,9,85581.55
TUR,10,146089.93
TUR,11,1073480.96
TUR,12,1249179.89
TUR,13,197920.73
TUR,14,602041.95
TUR,15,58956.26
TUR,16,276365.77
TUR,17,268423.73
TUR,18,292943.42
TUR,19,286181.01
TUR,20,270881.44
TUR,21,3337212.62
TUR,22,526436.56
TUR,23,137316.42
TUR,24,515332.78
TUR,25,1085828.43
TUR,26,1684160.91
TUR,27,379916.38
TUR,28,384851.32
TUR,29,571415.61
TUR,30,177876.61
TUR,31,623325.77
TUR,32,798772.4
TUR,33,2352587.03
TUR,34,370783.5
TUR,35,95152.9
TUR,36,270526.41
TUR,37,1777631.1
TUR,38,208701.36
TUR,39,483186.18
TUR,40,15791546.38
TUR,41,4267849.7
TUR,42,1123922.14
TUR,43,240643.67
TUR,44,236006.96
TUR,45,286109.49
TUR,46,362551.47
TUR,47,1589708.07
TUR,48,133092.15
TUR,49,231422.78
TUR,50,347697.91
TUR,51,207484.38
TUR,52,1910601.88
TUR,53,2165730.0
TUR,54,589776.11
TUR,55,687532.17
TUR,56,1571725.51
TUR,57,801416.48
TUR,58,1545698.84
TUR,59,939565.31
TUR,60,375937.34
TUR,61,273259.83
TUR,62,344753.48
TUR,63,614595.45
TUR,64,515717.62
TUR,65,278305.57
TUR,66,873232.96
TUR,67,1336225.29
TUR,68,2000568.84
TUR,69,353529.81
TUR,70,187837.27
TUR,71,541445.32
TUR,72,616683.88
TUR,73,1099325.1
TUR,74,511407.04
TUR,75,643536.26
TUR,76,67026.31
TUR,77,370223.88
TUR,78,1253375.69
TUR,79,247302.57
TUR,80,350197.05
TUR,81,623379.58
TUV,1,2621.11
TUV,2,252.86
TUV,3,249.76
TUV,5,168.61
TUV,7,257.87
TUV,9,60.4
TWN,1,62269.18
TWN,2,2647086.62
TWN,3,4339313.57
TWN,4,2888339.03
TWN,5,1668832.71
TWN,6,2227343.04
TWN,7,9456789.88
TZA,1,2010252.32
TZA,2,5622975.89
TZA,3,2429565.47
TZA,4,2175428.92
TZA,5,1065891.4
TZA,6,2837042.45
TZA,7,679768.45
TZA,8,2501432.5
TZA,9,1865808.15
TZA,10,966583.9
TZA,11,1711106.63
TZA,12,2034889.44
TZA,13,3218398.76
TZA,14,2607067.96
TZA,15,1441640.01
TZA,16,3269835.69
TZA,17,786379.68
TZA,18,237497.33
TZA,19,213914.72
TZA,20,1292604.26
TZA,21,1208966.99
TZA,22,1608712.65
TZA,23,1792154.02
TZA,24,1913587.17
TZA,25,1610510.33
TZA,26,2742434.21
TZA,27,2395328.98
TZA,28,218308.65
TZA,29,130290.89
TZA,30,737785.69
UGA,1,266746.75
UGA,2,1304931.36
UGA,3,1518601.55
UGA,4,786123.33
UGA,5,364688.06
UGA,6,1051060.06
UGA,7,422529.73
UGA,8,1091683.75
UGA,9,798192.31
UGA,10,1288925.45
UGA,11,565529.82
UGA,12,627956.1
UGA,13,591909.58
UGA,14,296359.09
UGA,15,61434.67
UGA,16,1861414.73
UGA,17,1381737.55
UGA,18,573340.56
UGA,19,301423.22
UGA,20,386215.16
UGA,21,869294.07
UGA,22,575848.02
UGA,23,446618.23
UGA,24,1187156.48
UGA,25,494149.06
UGA,26,345072.86
UGA,27,402316.38
UGA,28,559532.45
UGA,29,781713.99
UGA,30,1052409.89
UGA,31,16462.12
UGA,32,122994.23
UGA,33,1386450.98
UGA,34,829270.63
UGA,35,1076578.81
UGA,36,887080.09
UGA,37,608622.75
UGA,38,1396867.64
UGA,39,1998447.11
UGA,40,326359.88
UGA,41,126513.65
UGA,42,624500.13
UGA,43,1358361.94
UGA,44,1394924.32
UGA,45,392739.77
UGA,46,236467.96
UGA,47,812088.61
UGA,48,606669.12
UGA,49,498560.43
UGA,50,1070895.83
UGA,51,760933.21
UGA,52,368680.15
UGA,53,323286.93
UGA,54,553523.75
UGA,55,793725.51
UGA,56,1001346.86
UGA,57,3236469.69
UGA,58,728676.59
URY,1,70099.68
URY,2,598606.6
URY,3,84797.69
URY,4,136569.17
URY,5,64518.9
URY,6,25161.54
URY,7,68503.22
URY,8,62257.48
URY,9,209943.72
URY,10,1341248.06
URY,11,111304.38
URY,12,63410.79
URY,13,98973.03
URY,14,67409.79
URY,15,132895.07
URY,16,114676.16
URY,17,79288.55
URY,18,79855.98
URY,19,50391.74
USA,1,4985443.81
USA,2,547850.78
USA,3,7846184.1
USA,4,3122640.75
USA,5,39890757.9
USA,6,5769539.84
USA,7,3598718.66
USA,8,983177.74
USA,9,607540.67
USA,10,21334183.31
USA,11,11307993.48
USA,12,1457114.97
USA,13,1857144.25
USA,14,13024006.01
USA,15,6750952.14
USA,16,3094623.18
USA,17,2951705.16
USA,18,4547503.91
USA,19,4549045.09
USA,20,1312834.96
USA,21,6032927.86
USA,22,6472369.53
USA,23,9553577.34
USA,24,5590026.57
USA,25,3033259.08
USA,26,6257608.47
USA,27,1055904.4
USA,28,1904063.88
USA,29,3556087.67
USA,30,1349269.38
USA,31,8845192.11
USA,32,2276919.38
USA,33,18954846.41
USA,34,11024152.31
USA,35,689161.95
USA,36,11434276.81
USA,37,3955671.72
USA,38,4158168.59
USA,39,12737138.82
USA,40,992292.31
USA,41,5177464.49
USA,42,869424.63
USA,43,6900772.58
USA,44,29816854.29
USA,45,3349230.56
USA,46,623397.1
USA,47,8878913.06
USA,48,7364238.93
USA,49,1846128.35
USA,50,5846026.18
USA,51,626860.3
UZB,1,3012689.67
UZB,2,1874992.57
UZB,3,3529244.41
UZB,4,1174208.64
UZB,5,1653793.55
UZB,6,3058024.65
UZB,7,1829972.31
UZB,8,2650438.72
UZB,9,1326027.22
UZB,10,3280417.33
UZB,11,848460.84
UZB,12,2465041.41
UZB,14,3918658.72
UZB,13,1117446.8
VCT,1,26269.12
VCT,2,9114.79
VCT,3,15973.18
VCT,4,5221.96
VCT,5,42997.41
VCT,6,3342.59
VGB,1,288.25
VGB,2,294.32
VGB,3,15.23
VGB,4,25165.54
VGB,5,4089.28
VIR,1,48597.55
VIR,2,3729.97
VIR,3,52202.22
VNM,1,2212144.46
VNM,2,996862.55
VNM,3,1575231.29
VNM,4,311674.77
VNM,5,1136565.74
VNM,6,1197503.2
VNM,7,1237583.8
VNM,8,1493270.47
VNM,9,3260544.34
VNM,10,1186606.57
VNM,11,1258917.13
VNM,12,1473484.19
VNM,13,1294779.87
VNM,14,510741.57
VNM,15,2087575.46
VNM,16,739887.52
VNM,17,3139492.65
VNM,18,1756618.36
VNM,19,1165038.8
VNM,20,633683.12
VNM,21,1691320.76
VNM,22,1736603.86
VNM,23,1995658.03
VNM,24,676755.79
VNM,25,10393674.69
VNM,26,866796.41
VNM,27,8364965.18
VNM,28,767329.74
VNM,29,1164621.06
VNM,30,788948.2
VNM,31,1187496.11
VNM,32,1279529.8
VNM,33,1825692.82
VNM,34,613685.69
VNM,35,751137.88
VNM,36,702282.78
VNM,37,1423804.78
VNM,38,625310.24
VNM,39,1576327.0
VNM,40,1727902.66
VNM,41,2933672.91
VNM,42,901806.65
VNM,43,626828.56
VNM,44,631520.94
VNM,45,932539.64
VNM,46,895140.54
VNM,47,1458781.36
VNM,48,1219169.89
VNM,49,1264614.14
VNM,50,617745.48
VNM,51,1411291.08
VNM,52,1323324.4
VNM,53,1173023.01
VNM,54,1120318.42
VNM,55,1749164.59
VNM,56,1201344.25
VNM,57,3285769.92
VNM,58,1726966.18
VNM,59,1033402.85
VNM,60,777916.02
VNM,61,1024478.36
VNM,62,888941.0
VNM,63,796776.55
VUT,1,33133.64
VUT,2,31810.03
VUT,3,50357.83
VUT,4,99909.47
VUT,5,34163.04
VUT,6,8857.82
WLF,1,2008.52
WLF,2,755.13
WLF,3,8239.83
WSM,1,19319.18
WSM,2,3560.99
WSM,3,17435.55
WSM,4,13887.45
WSM,5,4632.95
WSM,6,5046.03
WSM,7,9004.35
WSM,8,3805.53
WSM,9,96936.94
WSM,10,1950.12
WSM,11,6740.46
ZAF,1,6502745.12
ZAF,2,2652422.13
ZAF,3,14829552.7
ZAF,4,10390434.71
ZAF,5,5528733.72
ZAF,6,4544183.29
ZAF,7,3883129.02
ZAF,8,1297310.38
ZAF,9,6931063.0
ZMB,1,2231897.72
ZMB,2,2599622.95
ZMB,3,2176237.93
ZMB,4,1700105.62
ZMB,5,3115450.75
ZMB,6,1028822.69
ZMB,7,1065746.54
ZMB,8,1610051.69
ZMB,9,2196273.9
ZMB,10,1107266.99
ZWE,1,761463.39
ZWE,2,2780671.29
ZWE,3,2324118.3
ZWE,4,1583109.99
ZWE,5,1924336.85
ZWE,6,2153543.38
ZWE,7,1984487.5
ZWE,8,967295.18
ZWE,9,864977.3
ZWE,10,2126399.53
