country,id_1,population
AFG,1,2199618
AFG,2,1098144
AFG,3,1783106
AFG,4,2242690
AFG,5,726553
AFG,6,929236
AFG,7,1039496
AFG,8,2036439
AFG,9,1525164
AFG,10,1351390
AFG,11,1657368
AFG,12,4092039
AFG,13,969649
AFG,14,8141892
AFG,15,2308932
AFG,16,817990
AFG,17,1332352
AFG,18,898502
AFG,19,1600324
AFG,20,901178
AFG,21,740093
AFG,22,3001557
AFG,23,284174
AFG,24,330084
AFG,25,793321
AFG,26,1175983
AFG,27,257741
AFG,28,1203722
AFG,29,709518
AFG,30,1088799
AFG,31,2047606
AFG,32,701848
AFG,33,1035479
AFG,34,573446
XAD,1,20014
XAD,2,24141
ALA,1,970
ALA,2,2389
ALA,3,1422
ALA,4,7789
ALA,5,1074
ALA,6,3879
ALA,7,11953
ALA,8,644
ALA,9,704
ALA,10,4820
ALA,11,966
ALA,12,25887
ALA,13,4575
ALA,14,191
ALA,15,2332
ALA,16,982
ALB,1,175283
ALB,2,171808
ALB,3,461942
ALB,4,402153
ALB,5,423364
ALB,6,86897
ALB,7,316231
ALB,8,121509
ALB,9,205850
ALB,10,341347
ALB,11,1618634
ALB,12,286486
DZA,1,1291256
DZA,2,609984
DZA,3,701272
DZA,4,6185606
DZA,5,1182776
DZA,6,446278
DZA,7,1416689
DZA,8,2076760
DZA,9,1384072
DZA,10,1959672
DZA,11,1046006
DZA,12,1113872
DZA,13,1500554
DZA,14,1703236
DZA,15,1755264
DZA,16,2311968
DZA,17,455366
DZA,18,1199309
DZA,19,702871
DZA,20,619397
DZA,21,790190
DZA,22,111504
DZA,23,1030916
DZA,24,657485
DZA,25,1011656
DZA,26,1802158
DZA,27,1236790
DZA,28,1309472
DZA,29,1262734
DZA,30,1248633
DZA,31,479633
DZA,32,3099009
DZA,33,1043943
DZA,34,1092472
DZA,35,1194489
DZA,36,2483014
DZA,37,566221
DZA,38,998039
DZA,39,1522981
DZA,40,787319
DZA,41,1108634
DZA,42,298255
DZA,43,1595165
DZA,44,127795
DZA,45,1008518
DZA,46,907268
DZA,47,1635469
DZA,48,1525574
ASM,1,27651
ASM,2,1330
ASM,3,11
ASM,4,37698
AND,1,23343
AND,2,12936
AND,3,18362
AND,4,18047
AND,5,15190
AND,6,7872
AND,7,11997
AGO,1,560363
AGO,2,1896951
AGO,3,1025560
AGO,4,1317115
AGO,5,411927
AGO,6,334293
AGO,7,1801079
AGO,8,1215189
AGO,9,3088794
AGO,10,1611710
AGO,11,15863548
AGO,12,838207
AGO,13,484055
AGO,14,895280
AGO,15,1146487
AGO,16,621098
AGO,17,856760
AGO,18,761878
ATG,1,2460
ATG,2,0
ATG,3,11070
ATG,4,73049
ATG,5,10612
ATG,6,10032
ATG,7,6703
ATG,8,4009
ARG,1,25941432
ARG,2,4989423
ARG,3,544647
ARG,4,1524084
ARG,5,1059776
ARG,6,4413179
ARG,7,1511708
ARG,8,1886846
ARG,9,782814
ARG,10,958114
ARG,11,510726
ARG,12,531415
ARG,13,2706642
ARG,14,1733811
ARG,15,1014233
ARG,16,1142277
ARG,17,1791898
ARG,18,1045550
ARG,19,734571
ARG,20,742671
ARG,21,4844020
ARG,22,1281529
ARG,23,332730
ARG,24,2067730
ARM,1,229954
ARM,2,464767
ARM,3,557476
ARM,4,1561591
ARM,5,354261
ARM,6,361735
ARM,7,322716
ARM,8,371091
ARM,9,181442
ARM,10,176160
ARM,11,71852
AUS,1,0
AUS,2,611767
AUS,3,2
AUS,4,770
AUS,5,11511411
AUS,6,301926
AUS,7,6714702
AUS,8,2708973
AUS,9,934615
AUS,10,9378924
AUS,11,3715595
AUT,1,513703
AUT,2,945256
AUT,3,3047993
AUT,4,2513479
AUT,4,3954
AUT,5,936990
AUT,6,2092314
AUT,7,1269367
AUT,8,433032
AUT,8,240289
AUT,9,3176063
AZE,1,5156015
AZE,2,3085974
AZE,3,494162
AZE,4,1959887
AZE,5,390407
AZE,6,1454694
AZE,7,654029
AZE,8,845778
AZE,9,959447
AZE,10,980642
BHS,1,888
BHS,2,1213
BHS,3,3268
BHS,4,2312
BHS,5,1881
BHS,6,14718
BHS,7,2197
BHS,8,1671
BHS,9,1615
BHS,10,482
BHS,11,35865
BHS,12,16047
BHS,13,285
BHS,14,2619
BHS,15,910
BHS,16,1137
BHS,17,4189
BHS,18,881
BHS,19,378
BHS,20,431
BHS,21,390353
BHS,22,4459
BHS,23,5189
BHS,24,4744
BHS,25,89
BHS,26,170
BHS,27,1441
BHS,28,8997
BHS,29,1981
BHS,30,4921
BHS,31,1390
BHS,32,35580
BHR,1,529437
BHR,2,511255
BHR,3,285003
BHR,4,391059
BHR,5,200820
BGD,1,11194350
BGD,2,43017235
BGD,3,77202900
BGD,4,22399636
BGD,5,28007410
BGD,6,23905477
BGD,7,16148565
BRB,1,64887
BRB,2,6284
BRB,3,26905
BRB,4,40424
BRB,5,11700
BRB,6,6853
BRB,7,11488
BRB,8,101958
BRB,9,12993
BRB,10,44245
BRB,11,18469
BLR,1,2594272
BLR,2,2675445
BLR,3,1956330
BLR,4,1981788
BLR,5,6972731
BLR,6,2332055
BEL,1,2294571
BEL,2,12441052
BEL,3,6822813
BLZ,1,161221
BLZ,2,105693
BLZ,3,63263
BLZ,4,66682
BLZ,5,56433
BLZ,6,40802
BEN,1,1352696
BEN,2,1159817
BEN,3,2302720
BEN,4,1896235
BEN,5,962937
BEN,6,804063
BEN,7,1028986
BEN,8,710143
BEN,9,701626
BEN,10,1697504
BEN,11,897283
BEN,12,1186043
BMU,1,9223
BMU,2,2267
BMU,3,13020
BMU,4,7250
BMU,5,9109
BMU,6,8063
BMU,7,573
BMU,8,12553
BMU,9,6605
BMU,10,8682
BMU,11,10958
BTN,1,26266
BTN,2,129009
BTN,3,42487
BTN,4,4483
BTN,5,21107
BTN,6,22742
BTN,7,63466
BTN,8,56734
BTN,9,34946
BTN,10,32336
BTN,11,62335
BTN,12,103491
BTN,13,66593
BTN,14,149059
BTN,15,82365
BTN,16,22778
BTN,17,30700
BTN,18,82485
BTN,19,26259
BTN,20,31174
BOL,1,750074
BOL,2,2430053
BOL,3,639602
BOL,4,3702751
BOL,5,730422
BOL,6,230170
BOL,7,1135530
BOL,8,3896982
BOL,9,697670
BES,1,25735
BES,2,2539
BES,3,5870
BIH,1,219610
BIH,2,3897251
BIH,3,2009563
BWA,1,911503
BWA,2,36800
BWA,3,107864
BWA,4,78932
BWA,5,72173
BWA,6,18
BWA,7,78610
BWA,8,145524
BWA,9,508380
BWA,10,19130
BWA,11,131529
BWA,12,229932
BWA,13,18998
BWA,14,445094
BWA,15,324791
BWA,16,28
BRA,1,1104731
BRA,2,4215566
BRA,3,1168993
BRA,4,5655356
BRA,5,18305555
BRA,6,11368713
BRA,7,3897016
BRA,8,4906512
BRA,9,8840777
BRA,10,9175047
BRA,11,3620467
BRA,12,4602350
BRA,13,26712518
BRA,14,12135428
BRA,15,4841147
BRA,16,14676289
BRA,17,11549775
BRA,18,4054673
BRA,19,22694736
BRA,20,4388610
BRA,21,15147781
BRA,22,2158250
BRA,23,746098
BRA,24,58241405
BRA,25,9654741
BRA,26,2938975
BRA,27,2063261
VGB,1,452
VGB,2,467
VGB,3,44
VGB,4,32095
VGB,5,6176
BRN,1,78240
BRN,2,387026
BRN,3,10906
BRN,4,58007
BGR,1,473561
BGR,2,671438
BGR,3,269705
BGR,4,167737
BGR,5,2204033
BGR,6,344251
BGR,7,225789
BGR,8,182783
BGR,9,190470
BGR,10,195891
BGR,11,385846
BGR,12,194752
BGR,13,371841
BGR,14,1017509
BGR,15,167088
BGR,16,323194
BGR,17,256747
BGR,18,163131
BGR,19,281953
BGR,20,163998
BGR,21,381498
BGR,22,474772
BGR,23,169641
BGR,24,804161
BGR,25,362180
BGR,26,131281
BGR,27,231575
BGR,28,176852
BFA,1,2108492
BFA,2,1233094
BFA,3,1882305
BFA,4,1900643
BFA,5,1863247
BFA,6,962060
BFA,7,4598879
BFA,8,2215762
BFA,9,2684591
BFA,10,1747226
BFA,11,1011588
BFA,12,1633389
BFA,13,1010793
BDI,1,570350
BDI,2,1228261
BDI,3,1114067
BDI,4,1186839
BDI,5,456605
BDI,6,792037
BDI,7,1191585
BDI,8,715442
BDI,9,1161861
BDI,10,1219926
BDI,11,796367
BDI,12,482241
BDI,13,1421647
BDI,14,466617
BDI,15,1127821
BDI,16,719019
BDI,17,816893
KHM,1,991467
KHM,2,2009163
KHM,3,798439
KHM,4,1036600
KHM,5,596652
KHM,6,910248
KHM,7,778121
KHM,8,1812114
KHM,9,186557
KHM,10,46486
KHM,11,486286
KHM,12,422684
KHM,13,272879
KHM,14,165336
KHM,15,889821
KHM,16,2529409
KHM,17,473419
KHM,18,409901
KHM,19,1001981
KHM,20,286762
KHM,21,1797321
KHM,22,182732
KHM,23,513393
KHM,24,966015
KHM,25,1017311
CMR,1,1610526
CMR,2,6308646
CMR,3,1183956
CMR,4,5233593
CMR,5,5153618
CMR,6,2577782
CMR,7,3526520
CMR,8,2359941
CMR,9,2387220
CMR,10,1074298
CAN,1,8596642
CAN,2,9303742
CAN,3,2534179
CAN,4,1446903
CAN,5,976332
CAN,6,133212
CAN,7,1638410
CAN,8,63482
CAN,8,43425
CAN,8,518
CAN,9,24452862
CAN,10,250782
CAN,11,14801253
CAN,12,2286479
CAN,13,106109
CPV,1,24439
CPV,2,6579
CPV,3,8250
CPV,4,6836
CPV,5,22002
CPV,6,8771
CPV,7,19002
CPV,8,9735
CPV,9,14122
CPV,10,29312
CPV,11,25580
CPV,12,12433
CPV,13,164260
CPV,14,9297
CPV,15,27424
CPV,16,107055
CPV,17,28480
CPV,18,27452
CPV,19,45576
CPV,20,10976
CPV,21,6157
CPV,22,54883
CYM,1,15189
CYM,2,1572
CYM,3,1492
CYM,4,36925
CYM,5,1330
CYM,6,3328
CYM,7,16859
CAF,1,70710
CAF,2,359699
CAF,3,407420
CAF,4,92738
CAF,5,146218
CAF,6,191678
CAF,7,398379
CAF,8,577993
CAF,9,269242
CAF,10,189871
CAF,11,378549
CAF,12,1378494
CAF,13,448711
CAF,14,697206
CAF,15,599313
CAF,16,170158
CAF,17,86296
TCD,1,529929
TCD,2,829314
TCD,3,332066
TCD,4,952726
TCD,5,365523
TCD,6,117193
TCD,7,932782
TCD,8,923713
TCD,9,644972
TCD,10,788968
TCD,11,1023177
TCD,12,1426526
TCD,13,1021348
TCD,14,1269248
TCD,15,908277
TCD,16,967107
TCD,17,1390311
TCD,18,498710
TCD,19,744677
TCD,20,991952
TCD,21,53483
TCD,22,1685283
TCD,23,1229176
CHL,1,192689
CHL,2,822972
CHL,3,1602959
CHL,4,198594
CHL,5,395271
CHL,6,3158085
CHL,7,1092456
CHL,8,1294910
CHL,9,1487305
CHL,10,515861
CHL,11,175075
CHL,11,131556
CHL,12,1473046
CHL,13,11232718
CHL,14,514632
CHL,15,2449505
CHN,1,82111071
CHN,2,41920576
CHN,3,36083575
CHN,4,52081503
CHN,5,36554734
CHN,6,160435386
CHN,7,60219211
CHN,8,43714980
CHN,9,12243350
CHN,10,112530656
CHN,11,67799660
CHN,12,133984171
CHN,13,78118336
CHN,14,89730385
CHN,15,116914974
CHN,16,65979157
CHN,17,44689214
CHN,18,69143190
CHN,19,41291087
CHN,20,10628701
CHN,21,9327525
CHN,22,54075129
CHN,23,144678736
CHN,24,43441154
CHN,25,56203290
CHN,26,105565333
CHN,27,27978487
CHN,28,39790575
CHN,29,4552827
CHN,30,62588536
CHN,31,85805120
COL,1,134779
COL,2,7368433
COL,3,429836
COL,4,3350601
COL,5,3419419
COL,6,1424989
COL,7,2357209
COL,8,1001581
COL,9,622027
COL,10,798967
COL,11,1733041
COL,12,1155505
COL,13,596660
COL,14,13001702
COL,15,106200
COL,16,164837
COL,17,1375397
COL,18,1488699
COL,19,1500282
COL,20,1309961
COL,21,2008176
COL,22,1487481
COL,23,520188
COL,24,654498
COL,25,1011191
COL,26,99383
COL,27,2538341
COL,28,1017373
COL,29,1653116
COL,30,5068107
COL,31,95525
COL,32,95369
COM,1,80263
COM,2,544385
COM,3,421659
CRI,1,1204805
CRI,2,669576
CRI,3,489251
CRI,4,629410
CRI,5,538419
CRI,6,581803
CRI,7,1843503
CIV,1,7162487
CIV,2,3043068
CIV,3,1602861
CIV,4,390658
CIV,5,2139097
CIV,6,1655596
CIV,7,1848035
CIV,8,3261137
CIV,9,3144508
CIV,10,2256072
CIV,11,1790335
CIV,12,1172202
CIV,13,454279
CIV,14,1198430
HRV,1,168974
HRV,2,184582
HRV,3,238457
HRV,4,194547
HRV,5,1454798
HRV,6,343818
HRV,7,199450
HRV,8,182366
HRV,9,213500
HRV,10,81585
HRV,11,185081
HRV,12,479745
HRV,13,118314
HRV,14,480776
HRV,15,272103
HRV,16,724768
HRV,17,293561
HRV,18,129460
HRV,19,261093
HRV,20,289210
HRV,21,425634
CUB,1,997894
CUB,2,568066
CUB,3,528332
CUB,4,2633194
CUB,5,1079992
CUB,6,660653
CUB,7,1334239
CUB,8,107882
CUB,9,487194
CUB,10,687324
CUB,11,921850
CUB,12,512185
CUB,13,934253
CUB,14,603443
CUB,15,1341102
CUB,16,997507
CYP,1,61918
CYP,2,206982
CYP,3,339045
CYP,4,434687
CYP,5,154151
CZE,1,1480273
CZE,2,1128386
CZE,3,2093183
CZE,4,528459
CZE,5,990978
CZE,6,901833
CZE,7,790276
CZE,8,2037357
CZE,9,1072998
CZE,10,912628
CZE,11,1051377
CZE,12,2286959
CZE,13,2899384
CZE,14,1005453
COD,1,10245748
COD,2,7925828
COD,3,3119368
COD,4,12349894
COD,5,9326553
COD,6,26446050
COD,7,7141095
COD,8,17541493
COD,9,12370672
DNK,1,3859513
DNK,2,2787204
DNK,3,1238938
DNK,4,1706017
DNK,5,2486637
DJI,1,135692
DJI,2,151773
DJI,3,607767
DJI,4,67082
DJI,5,163294
DOM,1,282862
DOM,2,184567
DOM,3,234493
DOM,4,74288
DOM,5,1124166
DOM,6,385874
DOM,7,101376
DOM,8,362266
DOM,9,114291
DOM,10,87563
DOM,11,675577
DOM,12,77831
DOM,13,270105
DOM,14,524047
DOM,15,223839
DOM,16,208911
DOM,17,219185
DOM,18,266506
DOM,19,69280
DOM,20,336340
DOM,21,411156
DOM,22,181961
DOM,23,113654
DOM,24,132490
DOM,25,872028
DOM,26,70464
DOM,27,271544
DOM,28,438112
DOM,29,63005
DOM,30,1211366
DOM,31,3766195
DOM,32,256760
DMA,1,11207
DMA,2,7091
DMA,3,25992
DMA,4,8748
DMA,5,6976
DMA,6,1828
DMA,7,2440
DMA,8,9524
DMA,9,14097
DMA,10,1849
ECU,1,984493
ECU,2,229245
ECU,3,289679
ECU,4,202177
ECU,5,601490
ECU,6,551527
ECU,7,878991
ECU,8,696186
ECU,9,41838
ECU,10,6025991
ECU,11,543553
ECU,12,575415
ECU,13,1083969
ECU,14,1881004
ECU,15,224739
ECU,16,198616
ECU,17,269790
ECU,18,135358
ECU,19,3689766
ECU,20,514204
ECU,21,628639
ECU,22,285838
ECU,23,667375
ECU,24,128083
EGY,1,9187985
EGY,2,491601
EGY,3,9003600
EGY,4,4811999
EGY,5,7271560
EGY,6,7960013
EGY,7,1853089
EGY,8,14399049
EGY,9,6072227
EGY,10,7942919
EGY,11,141411
EGY,11,12390020
EGY,12,7845413
EGY,13,4799336
EGY,14,324788
EGY,15,978007
EGY,16,9933814
EGY,17,2089514
EGY,18,6644068
EGY,19,4473025
EGY,20,1168551
EGY,21,2227864
EGY,22,236946
EGY,23,5066697
EGY,24,708505
EGY,25,3905274
EGY,26,685292
EGY,27,7153826
SLV,1,439283
SLV,2,182094
SLV,3,286061
SLV,4,333531
SLV,5,966734
SLV,6,413390
SLV,7,259083
SLV,8,211588
SLV,9,518962
SLV,10,2011713
SLV,11,207010
SLV,12,687680
SLV,13,572969
SLV,14,425090
GNQ,1,3248
GNQ,2,284050
GNQ,3,33590
GNQ,4,129305
GNQ,5,163083
GNQ,6,341144
GNQ,7,175909
ERI,1,1070028
ERI,2,198969
ERI,3,1909704
ERI,4,1505737
ERI,5,1527427
ERI,6,880560
EST,1,1384594
EST,2,14609
EST,3,376286
EST,4,56537
EST,5,55755
EST,6,112627
EST,7,44013
EST,8,167625
EST,9,55675
EST,10,4126
EST,11,104141
EST,12,95959
EST,13,318898
EST,14,61667
EST,15,52337
EST,16,88967
ETH,1,4455328
ETH,2,2384218
ETH,3,28603528
ETH,4,1471963
ETH,5,591693
ETH,6,739959
ETH,7,323075
ETH,8,50558661
ETH,9,8069438
ETH,10,27335491
ETH,11,7688342
FRO,1,28688
FRO,2,14078
FRO,3,3130
FRO,4,56969
FRO,5,11758
FRO,6,7971
FJI,1,497003
FJI,2,44163
FJI,3,158687
FJI,4,1507
FJI,5,421991
FIN,1,1711020
FIN,2,534852
FIN,3,1372349
FIN,4,4814136
FIN,5,5987135
FRA,1,3406303
FRA,2,5793077
FRA,3,2262240
FRA,4,21878115
FRA,5,2667666
FRA,6,2827982
FRA,7,5989777
FRA,8,4525676
FRA,9,2319268
FRA,10,568326
FRA,11,2071362
FRA,12,3357776
FRA,13,4833389
FRA,14,1262975
FRA,15,4164379
FRA,16,5178474
FRA,17,7263929
FRA,18,6702142
FRA,19,3463632
FRA,20,3131061
FRA,21,8393813
FRA,22,11303952
GUF,1,215800
GUF,2,144827
PYF,1,11089
PYF,2,268486
PYF,3,8993
PYF,4,47695
PYF,5,22486
ATF,1,858316
ATF,2,592038
ATF,3,87584
ATF,4,111301
GAB,1,52671
GAB,2,71608
GAB,3,91933
GAB,4,139039
GAB,5,240941
GAB,6,421713
GAB,7,100268
GAB,8,298647
GAB,9,321969
GMB,1,325796
GMB,2,1314551
GMB,3,457016
GMB,4,547700
GMB,5,167809
GMB,6,764010
GEO,1,468092
GEO,2,907926
GEO,3,155004
GEO,4,54280
GEO,5,476156
GEO,6,241882
GEO,7,390403
GEO,8,1658543
GEO,9,18925875
GEO,10,22828241
GEO,11,6481720
GEO,12,4847152
DEU,1,1274802
DEU,2,3465232
DEU,3,11066654
DEU,4,3116958
DEU,5,15112833
DEU,6,33033943
DEU,7,7477937
DEU,8,1705556
DEU,9,3991678
DEU,10,7194872
DEU,11,5800951
DEU,12,3735512
DEU,13,7381337
DEU,14,3140649
DEU,15,3257736
DEU,16,3786655
GHA,1,5974643
GHA,2,3799738
GHA,3,1273949
GHA,4,918395
GHA,5,3186043
GHA,6,3369517
GHA,7,769921
GHA,8,2879
GHA,9,5589282
GHA,10,945756
GRC,1,979260
GRC,2,3872862
GRC,3,2118403
GRC,4,1920511
GRC,5,16993
GRC,6,0
GRC,7,52537
GRC,8,26137
GRL,1,59300
GRL,2,6039
GRL,3,32436
GRL,4,17895
GRL,5,44594
GRD,1,9672
GRD,2,5127
GRD,3,14058
GRD,4,251202
GRD,5,255640
GRD,6,3008
GRD,7,7892
GLP,1,3450
GLP,2,12463
GUM,1,9598
GUM,2,61024
GUM,3,4416
GUM,4,2432
GUM,5,23925
GUM,6,1604
GUM,7,10353
GUM,8,1498
GUM,9,6599
GUM,10,3345
GUM,11,4274
GUM,12,26439
GUM,13,1011
GUM,14,28713
GUM,15,8739
GUM,16,1735689
GUM,17,407906
GUM,18,942092
GUM,19,537559
GTM,1,218390
GTM,2,1002022
GTM,3,4324164
GTM,4,1711764
GTM,5,626024
GTM,6,483304
GTM,7,620907
GTM,8,1062872
GTM,9,1159424
GTM,10,1536826
GTM,11,443014
GTM,12,458031
GTM,13,1495201
GTM,14,495975
GTM,15,709335
GTM,16,760680
GTM,17,735115
GTM,18,305114
GTM,19,3505
GTM,20,15494
GTM,21,2470
GTM,22,93
GGY,1,5678
GGY,2,12824
GGY,3,34996
GGY,4,3771
GGY,5,17178
GGY,6,4402
GGY,7,1017
GGY,8,1431
GGY,9,16959
GGY,10,327469
GGY,11,189482
GGY,12,676553
GGY,13,48141
GGY,14,300766
GGY,15,353298
GNB,1,359916
GNB,2,102643
GNB,3,141222
GNB,4,1689143
GNB,5,2674811
GNB,6,1495805
GNB,7,3473639
GNB,8,2836943
GNB,9,1481429
GIN,1,1072993
GIN,2,2330310
GIN,3,36107
GIN,4,24993
GIN,5,399517
GIN,6,122780
GIN,7,145994
GIN,8,61096
GUY,1,55539
GUY,2,12734
GUY,3,47047
GUY,4,36113
GUY,5,899220
GUY,6,595158
GUY,7,2202619
GUY,8,427702
GUY,9,446369
GUY,10,953183
HTI,1,1313412
HTI,2,5618538
HTI,3,715823
HTI,4,842824
HTI,5,558953
HTI,6,514524
HTI,7,395554
HTI,8,658053
HTI,9,482010
HTI,10,1992293
HND,1,554293
HND,2,1875157
HND,3,130317
HND,4,295624
HND,5,91869
HND,6,230770
HND,7,393244
HND,8,188616
HND,9,658077
HND,10,533107
HND,11,201571
HND,12,691660
HND,13,388439
HND,14,722835
HND,15,202123
HND,16,536508
HND,17,730810
HND,18,813955
HKG,1,495536
HKG,2,658424
HKG,3,846386
HKG,4,567491
HKG,5,239313
HKG,6,408166
HKG,7,358534
HKG,8,596712
HKG,9,185729
HKG,10,490707
HKG,11,394117
HKG,12,904374
HKG,13,797987
HKG,14,549082
HKG,15,574534
HKG,16,1140036
HKG,17,3322099
HKG,18,664657
HUN,1,752034
HUN,2,803131
HUN,3,1089231
HUN,4,516109
HUN,5,619412
HUN,6,440218
HUN,7,324229
HUN,8,2050450
HUN,9,509943
HUN,10,997751
HUN,11,358077
HUN,12,415251
HUN,13,540985
HUN,14,414874
HUN,15,35046
HUN,16,80460
HUN,17,568783
HUN,18,18454
HUN,19,70890
HUN,20,71132
ISL,1,16663
ISL,2,35302
ISL,3,472580
ISL,4,64920103
ISL,5,2347910
ISL,6,46518724
ISL,7,165513947
ISL,8,1101289
IND,1,37378848
IND,2,645108
IND,3,250849
IND,4,1924680
IND,5,89425976
IND,6,39305031
IND,7,10741350
IND,8,21032442
IND,9,50701799
IND,10,83633096
IND,11,40384157
IND,12,80682
IND,13,108261867
IND,14,158651572
IND,15,4557452
IND,16,5232679
IND,17,1721711
IND,18,2580306
IND,19,24877751
IND,20,59167282
IND,21,1431322
IND,22,41931326
IND,23,105190549
IND,24,870514
IND,25,57305
IND,26,98026506
IND,27,48838765
IND,28,5235942
IND,29,306827261
IND,30,16320538
IND,31,131852581
IND,31,5446400
IND,32,5538717
IND,33,1858874
IND,34,15820916
IND,35,2103711
IND,36,1433679
IDN,1,1619382
IDN,2,12411476
IDN,3,4496578
IDN,4,59623276
IDN,5,38323821
IDN,6,46404471
IDN,7,5899715
IDN,8,5110660
IDN,9,3090910
IDN,10,5222868
IDN,11,620852
IDN,12,3253511
IDN,13,9838408
IDN,14,1828239
IDN,15,2379396
IDN,16,5953873
IDN,17,6510499
IDN,18,7609552
IDN,19,9278590
IDN,20,1888394
IDN,21,10555438
IDN,22,3740283
IDN,23,3402494
IDN,24,3184217
IDN,25,6175221
IDN,26,9175188
IDN,27,16432131
IDN,28,4330130
IDN,29,4938928
IDN,30,1921808
IDN,31,2005412
IDN,32,1199050
IDN,33,6208181
IDN,34,7581290
IRN,1,6680970
IRN,2,4066307
IRN,3,2916379
IRN,4,2748139
IRN,5,2589445
IRN,6,915440
IRN,7,4454148
IRN,8,2745420
IRN,9,6692116
IRN,10,738186
IRN,11,2350382
IRN,12,2572098
IRN,13,2777979
IRN,14,4878563
IRN,15,1310080
IRN,16,2023333
IRN,17,1992774
IRN,18,9528497
IRN,19,1291395
IRN,20,3331942
IRN,21,1041417
IRN,22,17351276
IRN,23,4916946
IRN,24,2219136
IRN,25,1684156
IRN,26,3979452
IRN,27,4411227
IRN,28,1271278
IRN,29,2462930
IRN,30,1860197
IRN,31,3522125
IRQ,1,3268884
IRQ,2,2347571
IRQ,3,3864124
IRQ,4,5687987
IRQ,5,3176578
IRQ,6,3772160
IRQ,7,3343264
IRQ,8,1579148
IRQ,9,1889578
IRQ,10,5828838
IRQ,11,4881854
IRQ,12,2087034
IRQ,13,115414
IRQ,14,173430
IRQ,15,228125
IRQ,16,1026716
IRQ,17,355482
IRQ,18,2628589
IRL,1,538532
IRL,2,267972
IRL,3,468523
IRL,4,209030
IRL,5,205597
IRL,6,66849
IRL,7,365631
IRL,8,90466
IRL,9,227751
IRL,10,263589
IRL,11,475520
IRL,12,129347
IRL,13,147490
IRL,14,152516
IRL,15,139570
IRL,16,308026
IRL,17,224132
IRL,18,169355
IRL,19,290284
IRL,20,276942
IRL,21,20939
IRL,22,9390
IRL,23,19669
IRL,24,7855
IRL,25,92072
IRL,26,28099
IMN,1,58904
IMN,2,1744877
IMN,3,1381564
IMN,4,3248596
IMN,5,2073013
IMN,6,1590482
ISR,1,1938662
ISR,2,2050461
ISR,3,6166809
ISR,4,828288
ISR,5,2762286
ISR,6,8687479
ISR,7,7373285
ITA,1,2067976
ITA,2,8918459
ITA,3,2474042
ITA,4,17027629
ITA,5,2582621
ITA,6,468242
ITA,7,7259929
ITA,8,2433872
ITA,9,7173560
ITA,10,5997912
ITA,11,1835809
ITA,12,1457020
ITA,13,217362
ITA,14,8370483
ITA,15,319522
ITA,16,91166
ITA,17,95073
ITA,18,239927
ITA,19,106870
ITA,20,723131
JAM,1,224090
JAM,2,683282
JAM,3,193460
JAM,4,238859
JAM,5,146403
JAM,6,122115
JAM,7,98358
JAM,8,186471
JAM,9,10645309
JAM,10,1438468
JAM,11,1880256
JAM,12,8637490
JAM,13,1847918
JAM,14,1095267
JPN,1,6970302
JPN,2,2714468
JPN,3,2890249
JPN,4,2815194
JPN,5,3871389
JPN,6,8174925
JPN,7,7749625
JPN,8,4237108
JPN,9,1652782
JPN,10,1801761
JPN,11,1292616
JPN,12,2129126
JPN,13,13148863
JPN,14,952060
JPN,15,2389109
JPN,16,3636909
JPN,17,2499813
JPN,18,3325603
JPN,19,1462645
JPN,20,2913001
JPN,21,1778939
JPN,22,1837077
JPN,23,3267433
JPN,24,1586450
JPN,25,2686409
JPN,26,1812255
JPN,27,12617188
JPN,28,1143376
JPN,29,10684581
JPN,30,2151208
JPN,31,1001214
JPN,32,5101868
JPN,33,2809424
JPN,34,1020949
JPN,35,20454179
JPN,36,724095
JPN,37,1482161
JPN,38,1263877
JPN,39,1586003
JPN,40,1883004
JPN,41,1170882
JPN,42,9013
JPN,43,18449
JPN,44,13558
JPN,45,53287
JPN,46,7726
JPN,47,9490
JEY,1,5807
JEY,2,3350
JEY,3,7271
JEY,4,9972
JEY,5,29121
JEY,6,10132
JEY,7,284588
JEY,8,3761525
JEY,9,246598
JEY,10,1436638
JEY,11,2216128
JEY,12,248582
JOR,1,408862
JOR,2,197155
JOR,3,225992
JOR,4,620550
JOR,5,159121
JOR,6,1396725
JOR,7,6465547
JOR,8,3545836
JOR,9,1677872
JOR,10,974656
JOR,11,2378084
JOR,12,1361468
KAZ,1,1023968
KAZ,2,1380655
KAZ,3,2369303
KAZ,4,1555328
KAZ,5,1397112
KAZ,6,5165230
KAZ,7,1128589
KAZ,8,1774770
KAZ,9,882568
KAZ,10,1186809
KAZ,11,2303235
KAZ,12,1087469
KAZ,13,560397
KAZ,14,717736
KEN,1,1706994
KEN,2,1422938
KEN,3,193054
KEN,4,1129723
KEN,5,2087561
KEN,6,1234887
KEN,7,2088535
KEN,8,1690019
KEN,9,695302
KEN,10,1592007
KEN,11,1443616
KEN,12,1397313
KEN,13,968148
KEN,14,631850
KEN,15,156277
KEN,16,1502224
KEN,17,1230508
KEN,18,2937907
KEN,19,405029
KEN,20,1881873
KEN,21,1337479
KEN,22,1405200
KEN,23,1244633
KEN,24,5313297
KEN,25,2628846
KEN,26,1245481
KEN,27,1455019
KEN,28,844627
KEN,29,795444
KEN,30,899598
KEN,31,362581
KEN,32,1299831
KEN,33,442267
KEN,34,464221
KEN,35,488806
KEN,36,1315418
KEN,37,1356390
KEN,38,1493484
KEN,39,794524
KEN,40,1921617
KEN,41,861995
KEN,42,303043
KEN,43,308064
KEN,44,381513
KEN,45,305703
KEN,46,902177
KEN,47,605529
XKO,1,336568
XKO,2,1141695
XKO,3,1728971
XKO,4,570059
XKO,5,621430
XKO,6,1080163
XKO,7,610731
KWT,1,746114
KWT,2,1673823
KWT,3,1419262
KWT,4,1915807
KWT,5,494485
KWT,6,437210
KGZ,1,2069149
KGZ,2,415914
KGZ,3,819245
KGZ,4,208754
KGZ,5,254775
KGZ,6,507294
KGZ,7,1171080
KGZ,8,399695
KGZ,9,574490
LAO,1,269617
LAO,2,604783
LAO,3,456946
LAO,4,238370
LAO,5,556507
LAO,6,1267732
LAO,7,1325312
LAO,8,541385
LAO,9,172783
LAO,10,498380
LAO,11,119577
LAO,12,344820
LAO,13,561904
LAO,14,627396
LAO,15,2192085
LAO,16,432797
LAO,17,517211
LAO,18,167022
LVA,1,448409
LVA,2,722577
LVA,3,430502
LVA,4,3799793
LVA,5,612178
LBN,1,978155
LBN,2,1063016
LBN,3,450058
LBN,4,167395
LBN,5,437242
LBN,6,279328
LBN,7,717851
LBN,8,251479
LSO,1,179679
LSO,2,109727
LSO,3,191634
LSO,4,201365
LSO,5,197097
LSO,6,488206
LSO,7,146455
LSO,8,215063
LSO,9,333171
LSO,10,221017
LBR,1,86074
LBR,2,434428
LBR,3,557531
LBR,4,230134
LBR,5,1899325
LBR,6,742884
LBR,7,125646
LBR,8,132865
LBR,9,164996
LBR,10,255564
LBR,11,305381
LBR,12,544351
LBR,13,365598
LBR,14,88377
LBR,15,77241
LBY,1,299679
LBY,2,677962
LBY,3,310249
LBY,4,507214
LBY,5,534107
LBY,6,1121049
LBY,7,227702
LBY,8,37698
LBY,9,783335
LBY,10,115200
LBY,11,166698
LBY,12,192381
LBY,13,221762
LBY,14,2064604
LBY,15,118630
LBY,16,136471
LBY,17,7510
LBY,18,7109
LBY,19,2886
LBY,20,8117
LBY,21,1084
LBY,22,4273
LIE,1,11901
LIE,2,1975
LIE,3,5423
LIE,4,8249
LIE,5,8454
LIE,6,558156
LIE,7,281540
LIE,8,1155498
LIE,9,669072
LIE,10,291339
LIE,11,447716
LTU,1,175926
LTU,2,270481
LTU,3,278679
LTU,4,1668386
LTU,5,167480
LTU,6,131919
LTU,7,774418
LTU,8,169742
LTU,9,720732
LTU,10,75476
LUX,1,12739
LUX,2,47116
LUX,3,31387
MAC,1,13093
MAC,2,4781
MKD,1,10860
MKD,2,22012
MKD,3,21201
MKD,4,19897
MKD,5,138194
MKD,6,12367
MKD,7,49197
MKD,8,21591
MKD,9,27712
MKD,10,79107
MKD,11,11946
MKD,12,11258
MKD,13,6873
MKD,14,32278
MKD,15,25450
MKD,16,12613
MKD,17,6061
MKD,18,21669
MKD,19,6328
MKD,20,122926
MKD,21,34605
MKD,22,63885
MKD,23,128640
MKD,24,6161
MKD,25,27458
MKD,26,17780
MKD,27,7027
MKD,28,84942
MKD,29,60916
MKD,30,44239
MKD,31,45340
MKD,32,58445
MKD,33,6177
MKD,34,14688
MKD,35,29248
MKD,36,8220
MKD,37,14291
MKD,38,166331
MKD,39,6230
MKD,40,50133
MKD,41,4254
MKD,42,12377
MKD,43,12833
MKD,44,16701
MKD,45,10423
MKD,46,30261
MKD,47,5825
MKD,48,16579
MKD,49,79039
MKD,50,16688
MKD,51,7547
MKD,52,15688
MKD,53,7354
MKD,54,115757
MKD,55,23097
MKD,56,44949
MKD,57,5619
MKD,58,26551
MKD,59,6365
MKD,60,67888
MKD,61,322921
MKD,62,5222
MKD,63,6400
MKD,64,100916
MKD,65,87357
MKD,66,41922
MKD,67,28333
MKD,68,36205
MKD,69,143367
MKD,70,19766
MKD,71,20884
MKD,72,83227
MKD,73,4329
MKD,74,29780
MKD,75,2825
MKD,76,44320
MKD,77,19231
MKD,78,8633
MKD,79,4669
MKD,80,9804254
MKD,81,2549097
MKD,82,7250514
MKD,83,4602215
MKD,84,4485832
MKD,85,5862947
MDG,1,546433
MDG,2,1690299
MDG,3,752569
MDG,4,477943
MDG,5,339743
MDG,6,1106442
MWI,1,1053871
MWI,2,544475
MWI,3,1121398
MWI,4,20375
MWI,5,4051073
MWI,6,938250
MWI,7,1628871
MWI,8,880324
MWI,9,872112
MWI,10,186859
MWI,11,1622925
MWI,12,215043
MWI,13,444377
MWI,14,598269
MWI,15,410932
MWI,16,823388
MWI,17,401530
MWI,18,551965
MWI,19,297213
MWI,20,682308
MWI,21,1057311
MWI,22,1106539
MWI,23,4462546
MWI,24,2528955
MWI,25,1856186
MWI,26,2259145
MWI,27,101429
MWI,28,1116759
MYS,1,1309462
MYS,2,1848079
MYS,3,2956528
MYS,4,281148
MYS,5,2062312
MYS,6,105658
MYS,7,4751955
MYS,8,3164215
MYS,9,7798458
MYS,10,1307060
MYS,11,3551212
MYS,12,980069
MYS,13,3140533
MYS,14,142214
MYS,15,4808336
MYS,16,3106825
MLI,1,3594121
MLI,2,4277807
MLI,3,1214837
MLI,4,184385
MLI,5,148262
MLI,6,111309
MLI,7,29870
MLI,8,77637
MLI,9,475459
MTQ,1,450847
MTQ,2,198736
MTQ,3,502340
MTQ,4,422487
MRT,1,751027
MRT,2,442605
MRT,3,33740
MRT,4,1665019
MRT,5,105813
MRT,6,79363
MRT,7,348185
MRT,8,307
MRT,9,122310
MRT,10,176682
MRT,11,136610
MRT,12,123959
MRT,13,186784
MUS,1,442586
MUS,2,132413
MUS,3,138250
MUS,4,55739
MUS,5,0
MUS,6,87511
MUS,7,5829
MUS,8,15884
MUS,9,11378
MUS,10,9114
MUS,11,9007
MUS,12,12281
MYT,1,21434
MYT,2,20797
MYT,3,7228
MYT,4,48916
MYT,5,8854
MYT,6,77245
MYT,7,11005
MYT,8,16950
MYT,9,14404
MYT,10,17643
MYT,11,17729
MYT,12,1730656
MYT,13,1242903
MYT,14,5086397
MYT,15,1175737
MYT,16,7090079
MYT,17,4860153
MEX,1,4713767
MEX,2,1067526
MEX,3,9903947
MEX,4,1827703
MEX,5,8320101
MEX,6,4731528
MEX,7,4657532
MEX,8,11497007
MEX,9,22924527
MEX,10,6258052
MEX,11,2570144
MEX,12,1610836
MEX,13,12666227
MEX,14,5316610
MEX,15,8460173
MEX,16,2920549
MEX,17,2201561
MEX,18,3561671
MEX,19,3829403
MEX,20,4238060
MEX,21,3367157
MEX,22,4846112
MEX,23,1415020
MEX,24,10244608
MEX,25,2763586
MEX,26,2193208
MEX,27,54338
MEX,28,6407
MEX,29,48720
MEX,30,14901
MEX,31,175566
MEX,32,72519
FSM,1,120043
FSM,2,177931
FSM,3,34121
FSM,4,140144
MDA,1,135720
MDA,2,306197
MDA,3,122527
MDA,4,111822
MDA,5,139520
MDA,6,1287986
MDA,7,117367
MDA,8,100068
MDA,9,59415
MDA,10,178976
MDA,11,64933
MDA,12,140912
MDA,13,168616
MDA,14,195695
MDA,15,209834
MDA,16,107264
MDA,17,235609
MDA,18,223304
MDA,19,89902
MDA,20,98667
MDA,21,91530
MDA,22,192638
MDA,23,112237
MDA,24,77025
MDA,25,164630
MDA,26,169709
MDA,27,146809
MDA,28,75380
MDA,29,125881
MDA,30,773428
MDA,31,189319
MDA,32,127202
MDA,33,153050
MDA,34,126867
MDA,35,142332
MDA,36,113728
MDA,37,83771
MNG,1,175462
MNG,2,111619
MNG,3,109218
MNG,4,48397
MNG,5,82428
MNG,6,74833
MNG,7,23605
MNG,8,199291
MNG,9,104975
MNG,10,115940
MNG,11,191238
MNG,12,78710
MNG,13,167448
MNG,14,144458
MNG,15,3037667
MNG,16,108332
MNG,17,2361
MNG,18,4920
MNG,19,6121
MNG,20,75335
MNG,21,49614
MNG,22,46377
MNE,1,34329
MNE,2,25308
MNE,3,33645
MNE,4,45739
MNE,5,12255
MNE,6,35264
MNE,7,11570
MNE,8,112032
MNE,9,19949
MNE,10,37503
MNE,11,4160
MNE,12,337538
MNE,13,31511
MNE,14,22617
MNE,15,33967
MNE,16,0
MNE,17,0
MNE,18,6670
MNE,19,3104948
MNE,20,3283430
MNE,21,2816633
MSR,1,3150906
MSR,2,6446573
MSR,3,555467
MAR,1,18047
MAR,2,5434960
MAR,3,3611382
MAR,4,3192438
MAR,5,4188800
MAR,6,5234883
MAR,7,2355746
MAR,8,4826817
MAR,9,2555265
MAR,10,2744594
MAR,11,2094679
MAR,12,2012086
MAR,13,3027086
MAR,14,3382408
MAR,15,1179843
MOZ,1,7534192
MOZ,2,2758560
MOZ,3,3014840
MOZ,4,4477383
MOZ,5,7300268
MOZ,6,8380628
MOZ,7,6621527
MOZ,8,808507
MOZ,9,2714611
MOZ,10,399943
MOZ,11,2045954
MMR,1,5209101
MMR,2,8687067
MMR,3,2612928
MMR,4,68512
MMR,5,2610804
MMR,6,7943991
MMR,7,9078040
MMR,8,1922967
MMR,9,11668811
MMR,10,124466
MMR,11,294670
MMR,12,130816
MMR,13,326170
MMR,14,640827
MMR,15,144679
NAM,1,354235
NAM,2,106522
NAM,3,352573
NAM,4,264255
NAM,5,281635
NAM,6,218132
NAM,7,141023
NAM,8,2696
NAM,9,796
NAM,10,649
NAM,11,383
NAM,12,782
NAM,13,1827
NRU,1,959
NRU,2,308
NRU,3,1167
NRU,4,865
NRU,5,1345
NRU,6,16327529
NRU,7,9921740
NRU,8,4438419
NRU,9,3694978
NRU,10,5186013
NRU,11,975995
NRU,12,901313
NRU,13,1316413
NRU,14,3973980
NPL,1,1101588
NPL,2,305871
NPL,3,2035069
NPL,4,4745538
NPL,5,5474298
NLD,1,2207375
NLD,2,2545083
NLD,3,727350
NLD,4,114761
NLD,5,6949346
NLD,6,12136
NLD,7,56190
NLD,8,263673
NLD,9,2436767
NLD,10,415033
NLD,11,951337
NLD,12,1090
NLD,13,67483
NLD,14,245684
NCL,1,361604
NCL,2,72420
NCL,3,166245
NZL,1,239269
NZL,2,390044
NZL,3,173473
NZL,4,182952
NZL,5,728285
NZL,6,816897
NZL,7,55649
NZL,8,694968
NZL,9,486689
NZL,10,203371
NZL,11,211098
NZL,12,476676
NZL,13,183723
NZL,14,274060
NZL,15,182068
NZL,16,657025
NIC,1,68808
NIC,2,435583
NIC,3,193384
NIC,4,1857996
NIC,5,412391
NIC,6,754606
NIC,7,321065
NIC,8,184899
NIC,9,178793
NIC,10,836760
NIC,11,1105279
NIC,12,3124517
NIC,13,5621480
NIC,14,1363109
NIC,15,6083752
NIC,16,4677867
NIC,17,6366998
NIC,18,4671578
NER,1,5326953
NER,2,6862349
NER,3,6810952
NER,4,8231544
NER,5,3020194
NER,6,7176730
NER,7,7551601
NER,8,5048794
NGA,1,7159642
NGA,2,3563058
NGA,3,5261963
NGA,4,4027255
NGA,5,5364341
NGA,6,5462692
NGA,7,4184822
NGA,8,6712058
NGA,9,7314174
NGA,10,10423556
NGA,11,16788488
NGA,12,9921446
NGA,13,5660494
NGA,14,5627981
NGA,15,3976831
NGA,16,16332090
NGA,17,3155934
NGA,18,7098002
NGA,19,6628340
NGA,20,5820915
NGA,21,5902846
NGA,22,9785767
NGA,23,5367665
NGA,24,9014837
NGA,25,6412956
NGA,26,3821880
NGA,27,4227951
NGA,28,5660183
NGA,29,2421417
NGA,30,3694292
NGA,31,4937537
NGA,32,3119054
NGA,33,3974286
NGA,34,546888
NGA,35,2322974
NGA,36,87861
NGA,37,4335172
PRK,1,6748898
PRK,2,4966216
PRK,3,350742
PRK,4,1297419
PRK,5,701958
PRK,6,44300
PRK,7,119460
PRK,8,89162
PRK,9,111707
PRK,10,131851
PRK,11,0
PRK,12,2964
PRK,13,58512
PRK,14,4381
XNC,1,731624
XNC,2,1520432
XNC,3,278959
XNC,4,698862
XNC,5,261456
MNP,1,493381
MNP,2,1329967
MNP,3,683148
MNP,4,384881
NOR,1,764099
NOR,2,479584
NOR,3,1700967
NOR,4,1188297
NOR,5,875986
NOR,6,280536
NOR,7,417164
NOR,8,556137
NOR,9,428269
NOR,10,617224
NOR,11,1077847
NOR,12,1009124
NOR,13,616754
NOR,14,125161
NOR,15,369785
NOR,16,253103
NOR,17,392997
NOR,18,200915
NOR,19,576352
OMN,1,64325
OMN,2,1410803
OMN,3,5115906
OMN,4,9998371
OMN,5,6281997
OMN,6,2382212
OMN,7,41421984
OMN,8,1543328
OMN,9,156997539
OMN,10,59579106
OMN,11,404
PAK,1,5309
PAK,2,1480
PAK,3,582
PAK,4,10773
PAK,5,1524
PAK,6,506
PAK,7,2179
PAK,8,70
PLW,1,1814
PLW,2,348
PLW,3,251
PLW,4,268
PLW,5,1030
PLW,6,509
PLW,7,2702345
PLW,8,4605593
PLW,9,215091
PLW,10,574163
PLW,11,330177
PLW,12,394634
PLW,13,70461
PLW,14,14935
PLW,15,144449
PLW,16,40873
PSE,1,118632
PSE,2,266604
PAN,1,699812
PAN,2,1853016
PAN,3,299682
PAN,4,315931
PAN,5,322763
PAN,6,628353
PAN,7,342251
PAN,8,567784
PAN,9,791721
PAN,10,698717
PAN,11,145707
PAN,12,634173
PAN,13,601108
PNG,1,659683
PNG,2,59960
PNG,3,354445
PNG,4,806360
PNG,5,393630
PNG,6,220168
PNG,7,238211
PNG,8,286548
PNG,9,745128
PNG,10,323195
PNG,11,86020
PNG,12,407617
PNG,13,225264
PNG,14,116648
PNG,15,23836
PNG,16,1110527
PNG,17,218412
PNG,18,693374
PNG,19,81067
PNG,20,704595
PNG,21,233654
PNG,21,313841
PNG,22,2857067
PRY,1,306399
PRY,2,374278
PRY,3,276806
PRY,4,792092
PRY,5,156462
PRY,6,318481
PRY,7,167395
PRY,8,523408
PRY,9,478755
PRY,10,1342384
PRY,11,486844
PRY,12,1789667
PRY,13,896745
PRY,14,1712098
PRY,15,1562412
PRY,16,1566427
PRY,17,1007427
PRY,18,655149
PER,1,1009014
PER,2,1786158
PER,3,2310618
PER,4,1462176
PER,5,11557202
PER,6,1212514
PER,7,1303490
PER,8,204707
PER,9,232533
PER,10,413040
PER,11,2219878
PER,12,1876215
PER,13,1129511
PER,14,441548
PER,15,302480
PER,16,707147
PER,17,306985
PER,18,917076
PER,19,1006704
PER,20,795366
PER,21,1653456
PER,22,740537
PER,23,184107
PER,24,302319
PER,25,298329
PER,26,911317
PHL,1,22873
PHL,2,3476844
PHL,3,1095025
PHL,4,246602
PHL,5,1560937
PHL,6,2068434
PHL,7,4015021
PHL,8,1669910
PHL,9,810479
PHL,10,2934940
PHL,11,104140
PHL,12,944274
PHL,13,346645
PHL,14,4989359
PHL,15,6465887
PHL,16,1037230
PHL,17,1586686
PHL,18,3233810
PHL,19,753236
PHL,20,183730
PHL,21,625408
PHL,22,241972
PHL,23,281189
PHL,24,775641
PHL,25,912254
PHL,26,3145729
PHL,27,2263220
PHL,28,352890
PHL,29,973112
PHL,30,5478143
PHL,31,1556040
PHL,32,967662
PHL,33,2361208
PHL,34,1084026
PHL,35,264773
PHL,36,1304986
PHL,37,15241679
PHL,38,815976
PHL,39,2217020
PHL,40,217116
PHL,41,3620953
PHL,42,1752519
PHL,43,1968928
PHL,44,875757
PHL,45,2856341
PHL,46,614442
PHL,47,684271
PHL,48,1178069
PHL,49,1673019
PHL,50,3276688
PHL,51,3973310
PHL,52,2852849
PHL,53,279203
PHL,54,4080169
PHL,55,351714
PHL,56,1014076
PHL,57,684615
PHL,58,120678
PHL,59,974882
PHL,60,1878023
PHL,61,497269
PHL,62,1222328
PHL,63,507411
PHL,64,704254
PHL,65,750750
PHL,66,1650854
PHL,67,218748
PHL,68,1076585
PHL,69,1397398
PHL,70,2399772
PHL,71,851379
PHL,72,4586357
PHL,73,2311200
PHL,74,6693987
PHL,75,4118940
PHL,76,6064694
PHL,77,5705541
PHL,78,3891315
PHL,79,1904271
PHL,80,10356141
PHL,81,1710870
POL,1,2393765
POL,2,4752950
POL,3,8184785
POL,4,3723079
POL,5,3000411
POL,6,3591161
POL,7,228637
POL,8,1029230
POL,9,348662
POL,10,205150
POL,11,1244216
POL,12,188524
POL,13,269966
POL,14,613148
POL,15,709564
POL,16,213848
PRT,1,691353
PRT,2,3314666
PRT,3,350589
PRT,4,159534
PRT,5,2700663
PRT,6,648986
PRT,7,1281109
PRT,8,367306
PRT,9,289724
PRT,10,539404
PRT,11,38164
PRT,12,24143
PRT,13,51075
PRT,14,72206
PRT,15,35438
PRT,16,31048
PRT,17,116104
PRT,18,26236
PRT,19,32372
PRT,20,38145
PRI,1,236529
PRI,2,67715
PRI,3,174928
PRI,4,44788
PRI,5,62673
PRI,6,218094
PRI,7,39681
PRI,8,61074
PRI,9,13253
PRI,10,21766
PRI,11,56000
PRI,12,53488
PRI,13,27200
PRI,14,46919
PRI,15,2502
PRI,16,49080
PRI,17,41921
PRI,18,16180
PRI,19,21647
PRI,20,56251
PRI,21,24505
PRI,22,115681
PRI,23,70665
PRI,24,56840
PRI,25,22847
PRI,26,69554
PRI,27,58480
PRI,28,19489
PRI,29,60081
PRI,30,53997
PRI,31,31833
PRI,32,33246
PRI,33,11049
PRI,34,53899
PRI,35,34996
PRI,36,25383
PRI,37,53289
PRI,38,7385
PRI,39,13770
PRI,40,102198
PRI,41,49289
PRI,42,43934
PRI,43,35120
PRI,44,38028
PRI,45,28793
PRI,46,22599
PRI,47,26928
PRI,48,184926
PRI,49,33121
PRI,50,70633
PRI,51,20759
PRI,52,30530
PRI,53,39784
PRI,54,41849
PRI,55,466310
PRI,56,53651
PRI,57,50627
PRI,58,30160
PRI,59,101980
PRI,60,112220
PRI,61,94145
PRI,62,39207
PRI,63,53663
PRI,64,74580
PRI,65,12700
PRI,66,30954
PRI,67,46104
PRI,68,46912
PRI,69,1355018
PRI,70,47779
PRI,71,395129
PRI,72,368541
PRI,73,878793
PRI,74,15169
PRI,75,105535
PRI,76,404049
PRI,77,1039934
PRI,78,262570
QAT,1,265926
QAT,2,689458
QAT,3,244329
QAT,4,1734316
QAT,5,230091
QAT,6,175002
QAT,7,94089
COG,1,1468671
COG,2,165319
COG,3,164904
COG,4,353558
COG,5,233106
COG,6,357549
COG,7,288960
COG,8,377653
COG,9,531521
COG,10,517739
COG,11,524662
COG,12,252139
REU,1,368597
REU,2,477429
REU,3,272333
REU,4,1640478
ROU,1,381102
ROU,2,14055083
ROU,3,245400
ROU,4,643125
ROU,5,690115
ROU,6,185911
ROU,7,458555
ROU,8,560562
ROU,9,453761
ROU,10,295445
ROU,11,280144
ROU,12,280023
ROU,13,337882
ROU,14,705074
ROU,15,259329
ROU,16,546513
ROU,17,431514
ROU,18,228131
ROU,19,494885
ROU,20,386546
ROU,21,364545
ROU,22,647761
ROU,23,195730
ROU,24,315582
ROU,25,349994
ROU,26,567736
ROU,27,312370
ROU,28,639072
ROU,29,192991
ROU,30,316867
ROU,31,328297
ROU,32,280149
ROU,33,840052
ROU,34,4456922
ROU,35,1482269
ROU,36,2919000
ROU,37,1863542
ROU,38,8377398
ROU,39,2986428
ROU,40,2283379
ROU,41,1886911
ROU,42,2430205
RUS,1,7202748
RUS,2,144891
RUS,3,2650950
RUS,4,11349076
RUS,5,5463052
RUS,6,399082
RUS,7,605654
RUS,8,4765227
RUS,9,2170758
RUS,10,1339333
RUS,11,1939916
RUS,12,550506
RUS,13,2023278
RUS,14,568407
RUS,15,1153536
RUS,16,1602301
RUS,17,5477240
RUS,18,2473941
RUS,19,772346
RUS,20,4250880
RUS,21,2651856
RUS,22,2108791
RUS,23,1396416
RUS,24,9121307
RUS,25,6497226
RUS,26,1747543
RUS,27,2029262
RUS,28,5683827
RUS,29,2241113
RUS,30,312378
RUS,31,1432024
RUS,32,1575874
RUS,33,24942661
RUS,34,19582045
RUS,35,2355217
RUS,36,142341
RUS,37,6723791
RUS,38,1067363
RUS,39,1344889
RUS,40,5737992
RUS,41,3942363
RUS,42,1383003
RUS,43,3602839
RUS,44,2580261
RUS,45,5587111
RUS,46,2996940
RUS,47,1293566
RUS,48,7391046
RUS,49,2215944
RUS,50,784519
RUS,51,2537077
RUS,52,6887324
RUS,53,4587204
RUS,54,1888685
RUS,55,4600254
RUS,56,231
RUS,57,325368
RUS,58,8720335
RUS,59,1945235
RUS,60,8349649
RUS,61,2349761
RUS,62,2837767
RUS,63,602054
RUS,64,2915824
RUS,65,3165334
RUS,66,3273502
RUS,66,2479770
RUS,66,2810342
RUS,67,4792543
RUS,68,2738410
RUS,69,4371735
RUS,70,1813205
RUS,71,2813089
RUS,72,291250
RUS,73,2016121
RUS,74,2202726
RUS,75,3536903
RUS,76,4343049
RUS,77,3531372
RUS,78,1874185
RUS,79,849
RUS,80,3948
RUS,81,384
RUS,82,3914
RUS,83,4318
RWA,1,16580
RWA,2,4511
RWA,3,3477
RWA,4,4362
RWA,5,5886
SHN,1,3986
SHN,2,3585
SHN,3,2513
KNA,1,7515
KNA,2,4349
KNA,3,3412
KNA,4,3373
KNA,5,12900
KNA,6,5028
KNA,7,79450
KNA,8,7536
KNA,9,19063
KNA,10,43488
KNA,11,8577
KNA,12,22620
KNA,13,11134
KNA,14,21612
LCA,1,973
LCA,2,9653
LCA,3,31632
LCA,4,15029
LCA,5,18548
LCA,6,6612
LCA,7,50226
LCA,8,8436
LCA,9,27025
LCA,10,7127
SPM,1,27319
SPM,2,16221
VCT,1,5971
VCT,2,6208
VCT,3,12414
VCT,4,6546
VCT,5,121139
VCT,6,1912
WSM,1,8314
WSM,2,2532
WSM,3,10804
WSM,4,1648
WSM,5,6455
WSM,6,2652
WSM,7,4561
WSM,8,932
WSM,9,4979
WSM,10,15047
WSM,11,9590
SMR,1,238813
SMR,2,2479611
SMR,3,540373
SMR,4,733992
SMR,5,1139964
SMR,6,2793920
SMR,7,1880303
SMR,8,11597958
SMR,9,6996809
STP,1,1014147
STP,2,2115004
SAU,1,10965636
SAU,2,711033
SAU,3,769498
SAU,4,4825923
SAU,5,2294954
SAU,6,1204966
SAU,7,240608
SAU,8,912418
SAU,9,1505846
SAU,10,1036003
SAU,11,28043
SAU,12,1368521
SAU,13,878455
SEN,1,725121
SEN,2,1430034
SEN,3,1061241
SEN,4,2741090
SEN,5,889192
SEN,6,440342
SEN,7,175848
SEN,8,284152
SEN,8,2803528
SEN,9,309068
SEN,10,1054280
SEN,11,543488
SEN,12,241287
SEN,13,357599
SEN,14,311114
SRB,1,578194
SRB,2,208517
SRB,3,123444
SRB,4,265892
SRB,5,315175
SRB,6,500306
SRB,7,343607
SRB,8,272974
SRB,9,217626
SRB,10,287645
SRB,11,532477
SRB,12,147483
SRB,13,157978
SRB,14,256573
SRB,15,407279
SRB,16,6962
SRB,17,5280
SRB,18,3807
SRB,19,5106
SRB,20,7972
SRB,21,4870
SRB,22,8357
SRB,23,5705
SRB,24,3109
SRB,25,3157
SYC,1,6512
SYC,2,5258
SYC,3,4417
SYC,4,3903
SYC,5,4372
SYC,6,4238
SYC,7,3471
SYC,8,2184
SYC,9,2894
SYC,10,944
SYC,11,5555
SYC,12,2878
SYC,13,5669
SYC,14,4471
SYC,15,1983
SYC,16,3703
SYC,17,1838408
SYC,18,2932382
SYC,19,1948865
SYC,20,1778764
SYC,21,1522379
SYC,22,1103738
SYC,23,1636753
SYC,24,1122858
SYC,25,1652209
SYC,26,1236912
SLE,1,1168462
SLE,2,1085750
SLE,3,1458627
SLE,4,1167412
SGP,1,1491631
SGP,2,1035980
SGP,3,989355
SGP,4,340728
SGP,5,170765
SVK,1,237672
SVK,2,116166
SVK,3,87077
SVK,4,200916
SVK,5,979385
SVK,6,532581
SVK,7,180427
SVK,8,432278
SVN,1,111500
SVN,2,66911
SVN,3,35574
SVN,4,40086
SVN,5,174993
SVN,6,92755
SVN,7,38343
SVN,8,59565
SVN,9,171975
SVN,10,4756
SVN,11,27278
SVN,12,109745
SLB,1,604427
SLB,2,598214
SLB,3,1681712
SLB,4,759457
SLB,5,1195941
SLB,6,648333
SLB,7,643029
SLB,8,635376
SLB,9,460336
SLB,10,744497
SOM,1,677533
SOM,2,243225
SOM,3,529014
SOM,4,1001654
SOM,5,1651110
SOM,6,292822
SOM,7,790659
SOM,8,1369595
SOM,9,8985237
SOM,10,3549753
SOM,11,19236404
SOM,12,13919639
SOM,13,7030065
SOM,14,5893063
SOM,15,5074107
SOM,16,1721535
SOM,17,9773978
SOM,18,4190823
ZAF,1,2594115
ZAF,2,2945718
ZAF,3,2757384
ZAF,4,2063854
ZAF,5,2186335
ZAF,6,1785662
ZAF,7,23323252
ZAF,8,4437669
ZAF,9,4905458
KOR,1,4246457
KOR,2,781716
KOR,3,2395151
KOR,4,2663631
KOR,5,120953
KOR,6,13143013
KOR,7,1420597
KOR,8,1875365
KOR,9,6092146
KOR,10,2068508
KOR,11,895800
KOR,12,849849
KOR,13,951355
KOR,14,1532487
KOR,15,1003753
KOR,16,363291
KOR,17,937156
SSD,1,11994295
SSD,2,2009959
SSD,3,915029
SSD,4,3282421
SSD,5,3548841
SSD,6,11819565
SSD,7,235093
SSD,8,9940682
SSD,9,1004888
SSD,10,7888069
ESP,1,1500733
ESP,2,3930492
ESP,3,1837091
ESP,4,2896803
ESP,5,501280
ESP,6,3154563
ESP,7,1505524
ESP,8,2235892
ESP,9,865891
ESP,10,1145896
ESP,11,975020
ESP,12,596255
ESP,13,2785781
ESP,14,1270369
ESP,15,2821833
ESP,16,771045
ESP,17,728215
ESP,18,1538931
LKA,1,1686773
LKA,2,1018916
LKA,3,94376
LKA,4,2034908
LKA,5,114878
LKA,6,599202
LKA,7,960357
LKA,8,572905
LKA,9,65579
LKA,10,825648
LKA,11,527694
LKA,12,921293
LKA,13,1324331
LKA,14,510881
LKA,15,198071
LKA,16,5098407
LKA,17,2197460
LKA,18,1423131
LKA,19,1053372
LKA,20,2911032
LKA,21,2879808
LKA,22,9165452
LKA,23,4220773
LKA,24,3724222
LKA,25,1241485
SDN,1,3249987
SDN,2,2058909
SDN,3,2276772
SDN,4,5339647
SDN,5,1121932
SDN,6,1080633
SDN,7,2215533
SDN,8,3438296
SDN,9,14926
SDN,10,50581
SDN,11,20202
SDN,12,21782
SDN,13,35914
SDN,14,43219
SDN,15,243016
SDN,16,20512
SDN,17,43283
SDN,18,180844
SUR,1,163
SUR,2,21878
SUR,3,500572
SUR,4,362550
SUR,5,595119
SUR,6,320489
SUR,7,1042379
SUR,8,321214
SUR,9,691519
SUR,10,677743
SJM,1,122612
SJM,2,688439
SWZ,1,347480
SWZ,2,743145
SWZ,3,495247
SWZ,4,455853
SWE,1,717544
SWE,2,690004
SWE,3,689501
SWE,4,2895329
SWE,5,5844117
SWE,6,860435
SWE,7,707593
SWE,8,705202
SWE,9,603123
SWE,10,678178
SWE,11,3816057
SWE,12,1159060
SWE,13,97596
SWE,14,29320
SWE,15,519230
SWE,16,281592
SWE,17,1780222
SWE,18,578826
SWE,19,929735
SWE,20,69161
SWE,21,356722
CHE,1,122507
CHE,2,761913
CHE,3,327687
CHE,4,82091
CHE,5,67844
CHE,6,904115
CHE,7,132130
CHE,8,317639
CHE,9,454394
CHE,10,499668
CHE,11,670851
CHE,12,65593
CHE,13,634342
CHE,14,1545956
CHE,15,2790752
CHE,16,239056
CHE,17,2146551
CHE,18,6974681
CHE,19,1459040
CHE,20,466604
CHE,21,898200
CHE,22,1510267
CHE,23,1775170
CHE,24,2201818
CHE,25,2509301
CHE,26,2125672
SYR,1,1338345
SYR,2,154622
SYR,3,5397769
SYR,4,991690
SYR,5,86179
SYR,6,3983192
SYR,7,5803885
SYR,8,3703524
SYR,9,2104296
SYR,10,6353787
SYR,11,8271545
SYR,12,1212954
SYR,13,313532
SYR,14,5006713
TWN,1,4123638
TWN,2,3472486
TWN,3,2737937
TWN,4,8851592
TWN,5,3179959
TWN,6,3231378
TWN,7,1349899
TJK,1,3906348
TJK,2,947022
TJK,3,3394541
TJK,4,2418417
TJK,5,1214447
TZA,1,2393818
TZA,2,2906983
TZA,3,4398460
TZA,4,3475818
TZA,5,1834419
TZA,6,5037328
TZA,7,975524
TZA,8,297994
TZA,9,272898
TZA,10,1817341
TZA,11,1713371
TZA,12,2144517
TZA,13,2332716
TZA,14,2696372
TZA,15,2164119
TZA,16,3766790
TZA,17,3181313
TZA,18,309296
TZA,19,177519
TZA,20,1066338
TZA,21,249756
TZA,22,263313
TZA,23,12034677
TZA,24,380774
TZA,25,1198115
TZA,26,899667
TZA,27,288492
TZA,28,943542
TZA,29,544027
TZA,30,2254102
THA,1,1380633
THA,2,2561147
THA,3,529500
THA,4,836566
THA,5,1047802
THA,6,968329
THA,7,1954897
THA,8,419565
THA,9,772718
THA,10,488761
THA,11,550824
THA,12,879601
THA,13,233178
THA,14,802754
THA,15,464341
THA,16,280023
THA,17,1204784
THA,18,565461
THA,19,2728077
THA,20,1010672
THA,21,1551694
THA,22,533482
THA,23,729424
THA,24,550303
THA,25,500217
THA,26,2430588
THA,27,2863931
THA,28,668851
THA,29,305994
THA,30,515694
THA,31,392259
THA,32,1011519
THA,33,583451
THA,34,579684
THA,35,1166111
THA,36,838936
THA,37,569602
THA,38,1184713
THA,39,802457
THA,40,528315
THA,41,414559
THA,42,886711
THA,43,1406596
THA,44,1036490
THA,45,701757
THA,46,966497
THA,47,3805278
THA,48,2064667
THA,49,220718
THA,50,1002332
THA,51,328076
THA,52,1005831
THA,53,168053
THA,54,1899362
THA,55,743004
THA,56,916124
THA,57,1265672
THA,58,1055401
THA,59,638147
THA,60,645665
THA,61,301443
THA,62,2007121
THA,63,1264065
THA,64,321423
THA,65,467249
THA,66,484505
THA,67,469875
THA,68,81899
THA,69,72828
THA,70,85192
THA,71,145256
THA,72,118436
THA,73,80271
THA,74,430138
THA,75,159655
THA,76,73951
THA,77,91722
TLS,1,63264
TLS,2,60316
TLS,3,93759
TLS,4,948425
TLS,5,1060516
TLS,6,4348164
TLS,7,2016296
TLS,8,1355283
TLS,9,207
TLS,10,510
TLS,11,507
TLS,12,6144
TLS,13,6767
TGO,1,997
TGO,2,107232
TGO,3,18581
TGO,4,38541
TGO,5,112737
TKL,1,231239
TKL,2,134921
TKL,3,46473
TON,1,108898
TON,2,25226
TON,3,32169
TON,4,129074
TON,5,50695
TTO,1,177722
TTO,2,101523
TTO,3,111167
TTO,4,77080
TTO,5,259573
TTO,6,1094839
TTO,7,441008
TTO,8,1164326
TTO,9,889448
TTO,10,556743
TTO,11,480010
TTO,12,564438
TTO,13,847610
TTO,14,640885
TTO,15,234253
TUN,1,347440
TUN,2,705776
TUN,3,642524
TUN,4,379267
TUN,5,954395
TUN,6,1273881
TUN,7,1475074
TUN,8,649430
TUN,9,324981
TUN,10,1102936
TUN,11,247641
TUN,12,175076
TUN,13,1882581
TUN,14,286625
TUN,15,818485
TUN,16,210884
TUN,17,788087
TUN,18,2916743
TUN,19,896089
TUN,20,984368
TUN,21,860608
TUN,22,570861
TUN,23,497791
TUN,24,9219437
TUR,1,3100457
TUR,2,132307
TUR,3,227556
TUR,4,1587631
TUR,5,1933366
TUR,6,306230
TUR,7,887674
TUR,8,89562
TUR,9,422296
TUR,10,400570
TUR,11,440645
TUR,12,441301
TUR,13,405168
TUR,14,5123730
TUR,15,587024
TUR,16,1597748
TUR,17,2492471
TUR,18,602836
TUR,19,873180
TUR,20,267961
TUR,21,945229
TUR,22,1207630
TUR,23,146471
TUR,24,3419180
TUR,25,576133
TUR,26,402249
TUR,27,2596832
TUR,28,321219
TUR,29,715473
TUR,30,24914073
TUR,31,6421845
TUR,32,1671719
TUR,33,889882
TUR,34,371744
TUR,35,346229
TUR,36,438745
TUR,37,564084
TUR,38,2371935
TUR,39,204238
TUR,40,353122
TUR,41,540248
TUR,42,311306
TUR,43,2993890
TUR,44,3201047
TUR,45,1017866
TUR,46,2345423
TUR,47,1186002
TUR,48,2252466
TUR,49,1392261
TUR,50,561505
TUR,51,403317
TUR,52,506493
TUR,53,976812
TUR,54,749401
TUR,55,455654
TUR,56,1354834
TUR,57,2096817
TUR,58,2933931
TUR,59,521398
TUR,60,296848
TUR,61,797897
TUR,62,932934
TUR,63,1711899
TUR,64,781073
TUR,65,1010312
TUR,66,102753
TUR,67,551393
TUR,68,1916051
TUR,69,386243
TUR,70,530694
TUR,71,984468
TUR,72,915643
TUR,73,1564965
TUR,74,728431
TUR,75,1713701
TUR,76,1828554
TUR,77,1804209
TUR,78,6905
TUR,79,118
TUR,80,1598
TUR,81,42274
TKM,1,109
TKM,2,1141
TKM,3,8204
TKM,4,344
TKM,5,1312
TKM,6,50
TCA,1,693
TCA,2,626
TCA,3,499
TCA,4,0
TCA,5,2002
TCA,6,314880
TUV,1,1543016
TUV,2,1773166
TUV,3,944803
TUV,4,427342
TUV,5,1228251
TUV,6,487170
TUV,7,1280033
TUV,8,930313
TUV,9,1499723
UGA,1,667345
UGA,2,757735
UGA,3,689454
UGA,4,370480
UGA,5,83118
UGA,6,2167841
UGA,7,1698939
UGA,8,661992
UGA,9,348471
UGA,10,448031
UGA,11,1032514
UGA,12,674488
UGA,13,525504
UGA,14,1381854
UGA,15,577795
UGA,16,425245
UGA,17,469795
UGA,18,653274
UGA,19,929314
UGA,20,1231440
UGA,21,41854
UGA,22,1055086
UGA,23,1641896
UGA,24,962101
UGA,25,1255702
UGA,26,1038138
UGA,27,742162
UGA,28,1624690
UGA,29,2341751
UGA,30,380221
UGA,31,156629
UGA,32,736755
UGA,33,1584325
UGA,34,1718182
UGA,35,465018
UGA,36,284170
UGA,37,968815
UGA,38,715924
UGA,39,579882
UGA,40,1263068
UGA,41,905291
UGA,42,434588
UGA,43,374585
UGA,44,648268
UGA,45,980775
UGA,46,1171057
UGA,47,3721391
UGA,48,844925
UGA,49,2261567
UGA,50,1889124
UGA,51,1567907
UGA,52,3359046
UGA,53,5908588
UGA,54,7174220
UGA,55,2405777
UGA,56,4755253
UGA,57,1798758
UGA,58,2254550
UKR,1,5468174
UKR,2,3137425
UKR,3,1611608
UKR,4,4447430
UKR,5,3695491
UKR,6,2022991
UKR,7,4002256
UKR,8,2532948
UKR,9,2114779
UKR,10,621044
UKR,11,1990046
UKR,12,1866470
UKR,13,2168933
UKR,14,2745234
UKR,15,1904272
UKR,16,3085323
UKR,17,2207189
UKR,18,3282390
UKR,19,414078
UKR,20,4679634
UKR,21,361977
UKR,22,203412
UKR,23,505726
UKR,24,2915724
UKR,25,114699
UKR,26,107772901
UKR,27,3908193
ARE,1,11602635
ARE,2,6058740
ARE,3,0
ARE,4,7135070
ARE,5,110524
ARE,6,1448730
ARE,7,11029879
ARE,8,4571309
GBR,1,57835605
GBR,2,8816852
GBR,3,5760595
GBR,4,1543744
UMI,1,926614
UMI,2,30435923
UMI,3,16156012
UMI,4,1886753
UMI,5,3087972
UMI,6,20628809
UMI,7,10491593
UMI,8,4935902
UMI,9,4438116
USA,1,6836976
USA,2,6384861
USA,2,2330065
USA,3,9326889
USA,4,10654310
USA,5,16023506
USA,6,9971124
USA,7,4300700
USA,8,9446531
USA,9,1846770
USA,10,2978494
USA,11,5207728
USA,12,2258806
USA,13,14063111
USA,14,3257124
USA,15,30626599
USA,16,16125544
USA,17,1201955
USA,18,17974877
USA,19,5788141
USA,20,6974983
USA,21,19865031
USA,22,1652119
USA,23,7528826
USA,24,1438251
USA,25,10113406
USA,26,41366708
USA,27,5132252
USA,28,1064803
USA,29,13479284
USA,30,13225615
USA,31,2869892
USA,32,10010629
USA,33,1003312
USA,34,95650
USA,35,840589
USA,36,117830
USA,37,187404
USA,38,91201
USA,39,35172
USA,40,96487
USA,41,87582
USA,42,296787
USA,43,1915350
USA,44,161257
USA,45,89631
USA,46,143483
USA,47,98217
USA,48,190901
USA,49,159249
USA,50,118895
USA,51,109150
URY,1,69551
URY,2,4710765
URY,3,2841807
URY,4,5237814
URY,5,2263658
URY,6,2892587
URY,7,4490843
URY,8,2602114
URY,9,4135457
URY,10,2225457
URY,11,4562036
URY,12,1262741
URY,13,3656535
URY,14,716531
URY,15,7158198
URY,16,48174
URY,17,42299
URY,18,69227
URY,19,145830
UZB,1,44254
UZB,2,13765
UZB,3,235168
UZB,4,2103646
UZB,5,683790
UZB,6,2165093
UZB,7,1263577
UZB,8,2059123
UZB,9,3388655
UZB,10,506320
UZB,11,548385
UZB,12,2888
UZB,13,2430147
UZB,14,1294132
VUT,1,1077875
VUT,2,2439363
VUT,3,1150197
VUT,4,3759100
VUT,5,1379416
VUT,6,780291
VEN,1,1268695
VEN,2,1243070
VEN,3,1652713
VEN,4,933616
VEN,5,531990
VEN,6,867443
VEN,7,5609450
VEN,8,1468796
VEN,9,3827096
VEN,10,2211078
VEN,11,883554
VEN,12,2496298
VEN,13,792210
VEN,14,2751879
VEN,15,1499388
VEN,16,1822093
VEN,17,3843923
VEN,18,1420616
VEN,19,1539560
VEN,20,1177539
VEN,21,2016256
VEN,22,392599
VEN,23,1402319
VEN,24,1538076
VEN,25,1527444
VNM,1,657103
VNM,2,1860313
VNM,3,2054461
VNM,4,1102826
VNM,5,10808972
VNM,6,971023
VNM,7,1474242
VNM,8,12657310
VNM,9,980020
VNM,10,1511215
VNM,11,2224899
VNM,12,2566542
VNM,13,790182
VNM,14,1550662
VNM,15,2790
VNM,16,2245182
VNM,17,725650
VNM,18,796252
VNM,19,1690744
VNM,20,883842
VNM,21,950617
VNM,22,1929413
VNM,23,2228610
VNM,24,3662532
VNM,25,1125285
VNM,26,761526
VNM,27,815471
VNM,28,1143396
VNM,29,1109228
VNM,30,1819406
VNM,31,1535135
VNM,32,1662909
VNM,33,765867
VNM,33,1729392
VNM,34,1657787
VNM,35,1416614
VNM,36,2231642
VNM,37,1514606
VNM,38,1392670
VNM,39,4126098
VNM,40,2138192
VNM,41,1268213
VNM,42,980405
VNM,42,1287672
VNM,43,1293611
VNM,44,1044637
VNM,45,61839
VNM,46,4922
VNM,47,63429
VNM,48,2734
VNM,49,1568
VNM,50,11813
VNM,51,72495
VNM,52,78048
VNM,53,436440
VNM,54,230311
VNM,55,1136994
VNM,56,806063
VNM,57,1051430
VNM,58,866596
VNM,59,4013839
VNM,60,805912
VNM,61,167253
VNM,62,911621
VNM,63,2982697
VIR,1,1631785
VIR,2,2425098
VIR,3,1934911
WLF,1,2718996
WLF,2,3854222
WLF,3,1339911
ESH,1,441390
ESH,2,718462
ESH,3,1285036
ESH,4,1789777
YEM,1,862512
YEM,2,4353952
YEM,3,2772773
YEM,4,3111662
YEM,5,2605040
YEM,6,2053789
YEM,7,3676040
YEM,8,1234411
YEM,9,1280774
YEM,10,1958717
YEM,11,2699400
YEM,12,1337714
YEM,13,930651
YEM,14,3382297
YEM,15,2869368
YEM,16,1923974
YEM,17,2366748
YEM,18,2671381
YEM,19,2476877
YEM,20,1209940
YEM,21,1082905
ZMB,1,2616089
ZMB,2,0
ZMB,3,0
ZMB,4,0
ZMB,5,0
ZMB,6,0
ZMB,7,0
ZMB,8,0
ZMB,9,0
ZMB,10,0
ZWE,1,0
ZWE,2,0
ZWE,3,0
ZWE,4,0
ZWE,5,0
ZWE,6,0
ZWE,7,0
ZWE,8,0
ZWE,9,0
ZWE,10,0
