id_0	id_1	gdp_per_capita_ppp
1	1	1845.8320014128728
1	2	1820.3043
1	3	1820.3043
1	4	1823.5006329317268
1	5	1820.3043
1	6	1820.3043
1	7	1864.51415
1	8	1820.3043
1	9	1820.3043000000002
1	10	1820.3043
1	11	1836.2020313207547
1	12	1845.697797283312
1	13	1898.6305840000002
1	14	1820.3043
1	15	1857.919467857143
1	16	1820.3043
1	17	1976.9763160714285
1	18	1928.2923838235292
1	19	1827.1653939655173
1	20	1820.3043
1	21	1820.3043
1	22	1874.9686794392524
1	23	1839.0783588235295
1	24	1887.2534727272728
1	25	1828.344183206107
1	26	1853.1643483146067
1	27	1820.3043000000002
1	28	1820.3043
1	29	1820.3042999999998
1	30	1820.3043
1	31	1820.3043
1	32	1820.3043
1	33	1820.3043
1	34	1829.2299330508474
2	1	30309.635
2	2	30309.635
3	1	46827.47
3	2	46827.47
3	3	46827.47
3	4	46827.47
3	5	46827.47
3	6	46827.47
3	7	46827.47
3	8	46827.47
3	9	46827.47
3	10	46827.47
3	11	46827.47
3	12	46827.47
3	13	46827.47
3	15	46827.47
3	16	46827.47
4	1	9808.217
4	2	7493.3057
4	3	10247.649000000001
4	4	8673.738
4	5	8949.46
4	6	8512.901
4	7	8435.355
4	8	10129.893
4	9	8151.0166
4	10	8685.228
4	11	16477.23
4	12	9974.799
5	1	13822.566
5	2	13822.566
5	3	13808.136696390924
5	4	13822.566
5	5	13822.566
5	6	13763.674351453623
5	7	13822.566
5	8	13822.566
5	9	13822.566
5	10	13822.566000000003
5	11	13822.566
5	12	13822.566
5	13	13822.566
5	14	13822.566
5	15	13822.566
5	16	13822.566
5	17	13822.566
5	18	13802.393863192183
5	19	13822.565999999999
5	20	13822.566
5	21	13822.566
5	22	13821.496924902218
5	23	13822.566
5	24	13822.566
5	25	13822.566
5	26	13822.566
5	27	13822.566
5	28	13822.566
5	29	13822.566
5	30	13822.566
5	31	13822.566
5	32	13822.566
5	33	13822.566
5	34	13822.566
5	35	13822.566
5	36	13822.566
5	37	13822.566
5	38	13822.566
5	39	13822.566
5	40	13822.566
5	41	13822.565999999999
5	42	13815.071353449397
5	43	13822.566
5	44	13756.005882275507
5	45	13822.566
5	46	13822.565999999999
5	47	13822.565999999999
5	48	13822.566
6	1	5574.068
7	2	35599.68
7	3	35599.68
7	5	35599.68
7	6	35599.68
7	7	35599.68
8	1	6937.0063
8	2	6937.0063
8	3	6937.0063
8	4	6847.70406175
8	5	6937.0063
8	6	6937.0063
8	7	6937.0063
8	8	6937.0063
8	9	6937.0063
8	10	6937.0063
8	11	6937.0063
8	12	6932.177385623053
8	13	6930.274132725298
8	14	6937.0063
8	15	6934.4249819067445
8	16	6937.0063
8	17	6903.031910630137
8	18	6908.167574139535
11	1	21615.307
11	3	21615.307
11	4	21615.307
11	5	21615.307
11	6	21615.307
11	8	21615.307
12	1	19587.663516301924
12	2	21570.84150773994
12	3	32557.534256333827
12	4	9868.113913109755
12	5	37258.81459602649
12	6	50324.32433333333
12	7	10413.353624257847
12	8	14386.764762616822
12	9	8587.677525773197
12	10	10923.167621301774
12	11	25184.78090781853
12	12	12541.997424019608
12	13	21562.990491694356
12	14	10342.031010178116
12	15	45554.146737029136
12	16	19379.348805897604
12	17	11820.579039235412
12	18	11533.924560266003
12	19	22421.31037969925
12	20	60748.41985750873
12	21	22288.20465509642
12	22	9441.829090553381
12	23	51603.844
12	24	10850.87031
13	1	7899.284
13	2	8174.16228125
13	3	7899.284
13	4	7899.284
13	5	8006.5535731707305
13	6	7899.284
13	7	7920.5115964912275
13	8	7898.364170454545
13	9	8157.992970588235
13	10	8130.760447368421
13	11	8137.016567567568
15	2	60051.88321212121
15	4	43029.266
15	5	43028.43878318384
15	6	52801.406
15	7	41230.090586451195
15	8	38929.324
15	9	34703.637
15	10	40764.413857142856
15	11	60165.66
16	1	30653.943013888886
16	2	37471.554106250005
16	3	36792.2398018018
16	4	43709.70968599035
16	5	50675.87565873016
16	6	38373.654257950526
16	7	45898.200843601895
16	8	46877.92057142857
16	8	46953.812
16	9	57279.336
17	1	16695.389
17	2	16673.241030395136
17	3	16695.389
17	4	16553.516338709676
17	5	16588.119426829267
17	6	16695.389
17	7	16482.645702409638
17	8	16218.971052173913
17	9	16503.91625925926
17	10	16695.389
18	1	22394.314
18	3	22394.314
18	5	22394.314
18	6	22394.314
18	7	22394.314
18	8	22394.314
18	9	22394.314
18	10	22394.314
18	11	22394.314
18	12	22394.314
18	15	22394.314
18	16	22394.314
18	17	22394.314
18	18	22394.314
18	19	22394.314
18	20	22394.314
18	21	22394.314
18	22	22394.314
18	23	22394.314
18	24	22394.314
18	27	22394.314
18	28	22394.314
18	29	22394.314
18	30	22394.314
18	32	22394.314
19	4	44182.04
19	5	44182.04
20	1	2805.9417114503817
20	2	2776.562030179028
20	3	3182.375335338346
20	4	3411.40004488189
20	5	2880.829929437229
20	6	2522.8285915492957
20	7	2497.4817
21	3	15425.736
21	4	15425.736
21	6	15425.736
21	7	15425.736
21	8	15425.736
21	10	15425.736
22	1	16608.61280482315
22	2	16526.83005583224
22	3	16667.17643647541
22	4	16531.104643356644
22	5	16621.033
22	6	16548.566694684796
23	1	58202.905999999995
23	2	42381.753795180724
23	3	30415.115681672025
24	1	8024.843999999999
24	2	8024.844
24	3	8024.844
24	4	8024.844000000001
24	5	8024.844
24	6	7926.346062745098
25	1	2615.9732346153846
25	2	1349.6304
25	3	1843.9040676470588
25	4	2615.872056962025
25	5	1029.0976846625767
25	6	1349.6304
25	7	2505.9292
25	8	1823.8427
25	9	2505.9292
25	10	2586.1418
25	11	2850.41889
25	12	1062.679173015873
26	2	52255.188
26	8	52255.188
27	1	7601.369
27	2	7601.369
27	3	7601.369000000001
27	4	7587.868046511628
27	5	7579.040499999999
27	6	7601.369
27	7	7601.369000000001
27	8	7601.369
27	9	6958.643892307692
27	10	7601.369
27	11	7601.369
27	12	7601.369
27	13	7601.369000000001
27	14	7601.369
27	15	7441.75188
27	16	7601.369
27	17	7601.369
27	18	7601.369
27	19	7525.3608476190475
27	20	7601.369
28	1	5048.899659459459
28	2	5936.397909242424
28	3	5408.865282886286
28	4	5746.789778454774
28	5	8400.449870866143
28	6	8038.041924867021
28	7	5593.139485618729
28	8	7006.689264815239
28	9	13410.171813704495
29	1	37794.555
30	1	11317.907
30	2	9208.572212740384
30	3	9138.50886453202
31	1	14868.23566563181
31	2	14876.332
31	3	14876.332
31	4	14876.332
31	5	14876.332
31	7	14861.086801552106
31	8	14865.042343434345
31	9	14876.332
31	11	14876.332
31	12	14865.385446441409
31	13	14876.332
31	14	14823.109333333336
31	15	14876.332
33	1	9524.017126263736
33	2	6547.911894578313
33	3	8600.041835820895
33	4	10470.331069160604
33	5	1024.7164689133974
33	6	7524.617989110604
33	7	20628.26
33	8	19181.08336397059
33	9	20544.73657109069
33	10	5720.693175444245
33	11	10478.488141329739
33	12	10466.870524843232
33	13	14819.542835257645
33	14	8607.85563199891
33	15	6962.752170075757
33	16	1857.456993055014
33	17	8807.425300664365
33	18	626.8923522601351
33	19	20978.708887681158
33	20	8380.631792663478
33	21	19445.668627531475
33	22	10460.641617467094
33	23	10507.451119755911
33	24	24781.863609609223
33	25	19718.425937285494
33	26	9371.080014712645
33	27	20544.28865179479
35	1	43441.58
35	4	43441.58
36	1	66647.164
36	2	66647.164
36	3	63813.54815384616
36	4	63813.54815384616
37	1	11400.068
37	2	15125.737704918032
37	3	12087.79603896104
37	4	13575.887388888888
37	5	38262.90047619048
37	6	9672.115265060242
37	7	9561.347041666666
37	8	10620.72717647059
37	9	10642.947
37	10	9263.650896825397
37	11	11850.143276119403
37	12	10664.58
37	13	9561.347
37	14	14049.253975728156
37	15	10249.688333333334
37	16	12287.45104347826
37	17	10633.415186440676
37	18	8670.704
37	19	8999.32224528302
37	20	12624.75475
37	21	16013.288183035713
37	22	17790.219896103896
37	23	10296.835
37	24	17886.311310344827
37	25	11459.701216216215
37	26	8825.859
37	27	14593.311749999999
37	28	10215.114055555556
38	1	1566.8179885365853
38	2	1592.2502844444446
38	3	1561.522
38	4	1561.522
38	5	1561.522
38	6	1561.522
38	7	1561.522
38	8	1559.9548831842576
38	9	1566.23721237785
38	10	1561.5220000000002
38	11	1561.522
38	12	1560.0022592677344
38	13	1573.8502896907216
39	1	692.67395
39	2	692.67395
39	3	697.074579
39	4	692.67395
39	5	692.67395
39	6	692.67395
39	7	692.67395
39	8	692.67395
39	9	692.6739500000001
39	10	692.67395
39	11	723.9781375
39	12	692.67395
39	13	692.67395
39	14	692.67395
39	15	692.67395
39	16	692.67395
39	17	692.67395
40	1	3278.2212
40	2	3278.2212
40	3	3278.2212
40	4	3278.2212
40	5	3278.2212
40	6	3278.2212
40	7	3278.2212
40	8	3278.2212
40	9	3278.2212
40	10	3278.2212
40	11	3278.2212
40	12	3278.2212
40	13	3278.2212
40	14	3278.2212000000004
40	15	3288.8667870967743
40	16	3278.2212
40	17	3278.2212
40	18	3290.3570047058824
40	19	3278.2212
40	20	3280.4392795774647
40	21	3278.2212
40	22	3278.2212
40	23	3278.2212
40	24	3278.2212
40	25	3278.2212
41	1	2941.6885898013247
41	2	2938.7761
41	3	2936.9179427677873
41	4	2934.9353474576274
41	5	2938.7761000000005
41	6	2942.422749751244
41	7	2936.4668138107418
41	8	2938.7761
41	9	2959.1543013651876
41	10	2967.515926220615
42	1	57886.219273933995
42	2	41023.230868678926
42	3	39159.79862232218
42	4	34309.24600566343
42	5	39385.583924509054
42	6	64789.25
42	7	34482.12331712707
42	8	64789.25
42	8	64789.25
42	8	64789.25
42	9	44630.775065374815
42	10	32335.123000000003
42	11	37791.042573242186
42	12	44787.069673220176
42	13	64789.25
43	1	6295.9014
43	2	6295.9014
43	3	6295.9014
43	4	6295.9014
43	5	6295.9014
43	6	6295.9014
43	7	6295.9014
43	8	6295.9014
43	9	6295.9014
43	10	6295.9014
43	11	6295.9014
43	12	6295.9014
43	13	6295.9014
43	14	6295.9014
43	16	6295.9014
43	17	6295.9014
43	19	6295.9014
43	20	6295.9014
43	21	6295.9014
43	22	6295.9014
45	4	49930.547
45	6	49930.547
46	1	562.193
46	2	562.193
46	3	564.7972871641791
46	4	568.1029650759878
46	5	565.4987910609036
46	6	562.193
46	7	562.193
46	8	562.193
46	9	562.4408511931817
46	10	562.193
46	11	562.193
46	12	563.1113538947368
46	13	562.4938400689655
46	14	566.2184108695652
46	15	562.193
46	16	599.0210349056604
46	17	562.193
47	1	2043.5442
47	2	2043.5442000000003
47	3	2043.180689406914
47	4	2043.5442
47	5	2047.5229626187963
47	6	2043.5442000000003
47	7	2043.5442
47	8	2043.5442
47	9	2026.7917191230206
47	10	2048.8904720338983
47	11	2043.5442
47	12	2041.473107067138
47	13	2043.5442000000003
47	14	2043.5442
47	15	2043.5442
47	16	2043.5442
47	17	2043.5442
47	18	2043.5442
47	19	2043.5442
47	20	2043.5441999999998
47	21	2045.6051496516782
47	22	2043.5441999999998
47	23	2043.5442
48	1	16851.127149006625
48	2	74572.71414756174
48	3	9031.62313671875
48	4	29974.740331521738
48	5	33421.825283653845
48	6	14680.270208928572
48	7	17014.202303605314
48	8	19874.90753097345
48	9	11686.339716883118
48	10	11627.989635245902
48	11	21853.95533117409
48	11	21625.290138867924
48	12	13256.18739709443
48	13	25709.240170212768
48	14	31142.98068933823
48	15	17776.219604444443
49	1	8724.75156124031
49	2	29452.79409486166
49	3	18167.785778952126
49	4	16580.878045084533
49	5	12670.231394587372
49	6	9309.812166298587
49	7	8632.166234988414
49	8	5611.636763052906
49	9	9246.034
49	10	11902.71828176991
49	11	11338.528555724803
49	12	10234.767822691976
49	13	11608.093449032003
49	14	10155.23168135106
49	15	21848.566553584104
49	16	8859.768503628118
49	17	13136.606515189047
49	18	17533.419366932627
49	19	12838.156453871783
49	20	12849.45190263158
49	21	9991.347046312512
49	22	11318.579429839536
49	23	17006.695572383076
49	24	30453.93687628866
49	25	10727.906046562228
49	26	18208.331456693155
49	27	28867.836511363636
49	28	10361.022655824934
49	29	7043.368930293055
49	30	6583.926092067356
49	31	21142.465697657393
53	1	16317.9162027027
53	2	13399.816065775402
53	3	16340.689742574255
53	4	10016.809098039215
53	5	11707.493344590162
53	6	12673.38344160584
53	7	7350.2480141414135
53	8	9784.350666666665
53	9	6671.701003409091
53	10	16520.568346080305
53	11	6681.249345671643
53	12	11494.311774907748
53	13	5705.537546037735
53	14	13120.519842105265
53	15	16395.25563840399
53	16	16271.283046082946
53	17	8807.467072427984
53	18	8400.10743824701
53	19	6774.5845921568625
53	20	25921.861723828515
53	21	5536.403628877005
53	22	8340.894106319702
53	23	16150.133664893614
53	24	9433.425447368421
53	25	9874.875795918368
53	26	16410.064
53	27	20435.722689265538
53	28	5630.51534488189
53	29	9316.25655
53	30	13671.53180389105
53	31	16303.853361873988
53	32	16410.064
54	1	1369.7063
54	2	1369.7063
54	3	1369.7063
56	1	14380.00924137931
56	2	14471.786
56	3	14471.786
56	4	14471.786
56	5	14425.905937500002
56	6	14445.915610294118
56	7	14471.786
57	1	3289.9879999999994
57	2	3289.988
57	3	3297.699886046512
57	4	3282.0143420634918
57	5	3289.9880000000003
57	6	3289.988
57	7	3289.988
57	8	3289.988
57	9	3289.988
57	10	3285.801829583333
57	11	3289.9879999999994
57	12	3284.1807185983826
57	13	3289.988
57	14	3287.6049042505592
58	1	16486.113
58	2	14015.888577777778
58	3	11284.113393939393
58	4	21610.80760714286
58	5	27604.241578947374
58	6	27115.594559999998
58	7	15646.846099999999
58	8	16781.2082
58	9	13467.944947368422
58	10	17175.26048488372
58	11	16479.805
58	12	15826.380955882354
58	13	12558.180451612903
58	14	25712.64898245614
58	15	17350.163426666666
58	16	16641.032025641023
58	17	17158.244
58	18	12319.503823529412
58	19	11419.837474999998
58	20	17097.868633333335
58	21	16417.647925
59	1	20565.4
59	2	20565.4
59	3	20565.4
59	4	20565.4
59	5	20565.4
59	6	20565.4
59	7	20565.400000000005
59	8	20565.4
59	9	20565.4
59	10	20565.4
59	11	20565.4
59	12	20565.4
59	13	20565.4
59	14	20565.4
59	15	20565.4
59	16	20565.4
61	1	30309.635
61	2	30309.635000000002
61	3	30309.635
61	4	30309.635
61	5	30309.635
62	1	24861.0027184466
62	2	26191.62577653631
62	3	28749.479105691054
62	4	22049.023
62	5	24645.936724137933
62	6	26833.971295081967
62	7	23185.795982758624
62	8	25663.90620618557
62	9	23333.43
62	10	24852.053658823526
62	11	26966.33786861314
62	12	66147.07
62	13	27161.53793877551
62	14	25424.935175675677
63	1	741.1348781864407
63	2	740.2528853817344
63	3	852.0351434418604
63	4	740.1344606462395
63	5	736.68024
63	6	741.0806944783362
63	7	736.68024
63	8	737.1829397839299
63	9	738.3586501123979
64	1	58355.17009259259
64	2	28479.74
64	3	28479.739999999998
64	4	26289.674
64	5	37221.33022540984
65	1	3134.1010000000006
65	2	3049.669042105263
65	3	3134.101
65	4	3134.101
65	5	3053.5666375
66	1	13374.909
66	2	13374.909
66	3	13374.909
66	4	13374.909
66	5	13374.909
66	6	13374.909
66	7	13374.909
66	8	13374.909000000001
66	9	13374.909
66	10	13374.909
66	11	13374.909
66	12	13374.909
66	13	13374.909
66	14	13374.909
66	15	13374.909
66	16	13374.909
66	17	13374.909
66	18	13374.909
66	19	13374.909
66	20	13374.909
66	21	13374.909
66	22	13374.909
66	23	13374.909
66	24	13374.909
66	25	13374.908999999998
66	26	13374.909000000001
66	27	13374.909
66	28	13374.909
66	29	13374.908999999998
66	30	13374.909
66	31	13374.909
66	32	13374.909
67	1	10613.86
67	2	10613.86
67	3	10613.86
67	4	10613.86
67	5	10613.86
67	8	10613.86
67	9	10613.86
68	1	12968.872206521739
68	2	6653.687286956521
68	3	10562.164605263159
68	4	9288.566951219513
68	5	7239.898244736842
68	6	10646.746457142859
68	7	11005.081
68	8	8318.038772972972
68	9	38738.457
68	10	11691.327816580311
68	11	8847.569811320755
68	12	7987.732108333334
68	13	9142.356183132531
68	14	9017.514806167403
68	15	5876.419081205674
68	16	7321.509118243243
68	17	7208.457455645162
68	18	7116.280525433525
68	19	12757.771088495576
68	20	11796.324
68	21	12766.047208333335
68	22	5984.666833175355
68	23	10177.194097619047
68	24	7929.973119512195
69	1	11002.701725490195
69	2	10246.695196359584
69	3	11454.339476821191
69	4	10234.283
69	5	10772.740137931034
69	6	10834.367242424243
69	7	10804.869101265822
69	8	10023.812124223603
69	9	11646.64751724138
69	10	10404.641753623187
69	11	9989.607643835616
69	11	9375.977
69	12	10118.256785714286
69	13	8642.924055555555
69	14	10249.205427973047
69	15	10579.793568
69	16	10534.066194444446
69	17	9814.21465038071
69	18	10170.992308411216
69	19	10469.773842465753
69	20	11256.842210526316
69	21	10311.706
69	22	10251.819656410256
69	23	10850.226509433962
69	24	10251.966371830986
69	25	9790.805444444444
69	26	10266.243279329608
69	27	9860.745079545453
70	1	4960.3076
70	2	5279.2525
70	3	5966.312954545455
70	4	5694.575
70	5	9962.63142105263
70	6	6228.692
70	7	6329.119076923076
70	8	5072.392000000001
70	9	7188.966257142857
70	10	10713.212
70	11	5996.4283076923075
70	12	7589.716999999999
70	13	6132.955011764706
70	14	5946.1934
71	1	28271.795
71	2	28271.795
71	3	28271.795
71	4	28271.795
71	5	28271.795
71	6	28271.795
71	7	28271.795
72	1	1503.9736
72	2	1510.184101818182
72	3	1503.9736
72	4	1510.1904398477157
72	5	1504.19705
72	6	1522.3335598484848
73	1	42852.727000000006
73	2	16240.5
73	3	18522.236
73	4	12714.716
73	5	16475.201
73	6	19328.49
73	7	17361.695
73	8	12848.244
73	9	18957.045
73	10	25327.08192105263
73	11	14614.311
73	12	20995.1
73	13	25307.795958333336
73	14	15052.847
73	15	13657.616
73	16	16399.031
74	1	1529.8938
74	2	1529.617071886121
74	3	1529.8938
74	4	1541.901785809683
74	5	1529.8938
74	6	1536.409002445652
74	7	1529.8938
74	8	1530.0252774725275
74	9	1529.4530192566467
74	10	1534.315071978022
74	11	1532.9638014308428
76	1	34937.508
76	2	34937.508
76	3	34937.508
76	4	34937.508
76	5	34937.508
76	6	34937.508
77	1	8619.6875
77	2	8619.6875
77	3	8619.6875
77	5	8619.6875
78	1	29595.86776990596
78	2	33490.29158341625
78	3	31698.575265560165
78	4	44317.41055737705
78	5	36354.643011685395
79	1	34072.402
79	2	32737.568
79	3	29195.484
79	4	61730.133
79	5	28619.599999999995
79	6	30374.992
79	7	30485.495478439425
79	8	30691.63508676471
79	9	30827.257999999998
79	10	34472.156
79	11	29173.768
79	12	32094.502
79	13	28954.426
79	14	27881.992
79	15	28086.201
79	16	32621.961943319835
79	17	29492.129
79	18	32903.47417142858
79	19	28026.021
79	20	29592.917899772212
79	21	34484.80621789883
79	22	37332.57675335121
80	1	6303.712
80	2	6349.25376631579
82	2	14099.303
82	4	14099.303
83	1	18872.069765957447
83	2	18831.9
83	3	18831.9
83	4	18687.319519144145
83	5	17687.360565503877
83	6	18781.55197372549
83	7	18756.599432844574
83	8	18831.9
83	9	18831.9
84	1	1562.5374
84	2	1562.5374
84	3	1562.5374
84	4	1562.5374
84	5	1562.5374
84	6	1562.5374
85	1	9155.355289655172
85	2	9109.257
85	3	9109.257
85	4	9109.257
85	5	9206.710741758241
85	6	9097.15727
85	7	9063.484072072071
85	8	9109.257
85	9	9109.257
85	10	9083.737704081632
85	11	9109.257
85	12	9109.257
86	1	47764.887
86	2	50097.98
86	3	38718.81133333334
86	4	36275.645
86	5	59599.57399999999
86	6	70193.93
86	7	52654.18
86	8	35449.61052863436
86	9	38369.438
86	10	43208.87
86	11	38171.668
86	12	41940.96
86	13	36340.19662982005
86	14	37244.17
86	15	37883.650868167206
86	16	36300.53
87	1	3953.2102
87	2	3953.2102000000004
87	3	3953.2102
87	4	3953.2101999999995
87	5	3953.2102
87	6	3952.4062943030303
87	7	3953.2102
87	8	3942.533020535714
87	9	3942.639013934426
87	10	3953.2102
89	1	26299.285
89	2	19393.549
89	3	31048.244
89	4	22536.088
89	5	19702.241066666666
89	6	19141.168326254825
89	7	19652.339674418607
89	8	25003.255986143187
90	1	35416.9
90	2	35416.9
90	3	35416.9
90	4	35416.9
90	5	35416.9
91	1	12203.425
91	2	12203.425
91	3	12203.425
91	5	12203.425
91	7	12203.425
92	1	10613.86
92	2	13058.626
94	1	3484.459308474576
94	2	3270.0578875
94	3	4692.515469565217
94	4	6558.312
94	5	7205.114
94	6	8243.457486666668
94	7	16455.53671724138
94	8	2266.2797569892473
94	9	8222.463321296296
94	10	2221.0894
94	11	2241.0243692307695
94	12	3010.736228959276
94	13	5867.28324137931
94	14	2852.127287912088
94	15	7998.767036363637
94	16	7234.0474
94	17	3369.6958
94	18	4642.273277777778
94	19	4712.586200000001
94	20	8775.411130434783
94	21	3150.7698
94	22	5878.371771428571
96	1	1367.299
96	2	1367.299
96	3	1367.299
96	4	1367.299
96	5	1367.299
96	6	1365.1525888888889
96	7	1367.299
96	8	1367.299
96	9	1367.299
97	1	1138.3555653465346
97	2	1135.4866
97	3	1138.2242678571429
97	4	1140.6900373831775
97	5	1136.6795293729372
97	6	1139.6916434306568
97	7	1135.4866
97	8	1150.404484137931
98	1	7141.6406768558945
98	2	7064.45
98	3	7064.449999999999
98	4	7097.188268765133
98	5	7064.45
98	6	7064.45
98	7	7064.45
98	8	7079.265047826087
98	9	7064.45
98	10	7090.147292609352
99	1	1658.4132
99	2	1658.4132
99	3	1658.4132
99	4	1658.4132
99	5	1658.4132
99	6	1658.4131999999997
99	7	1658.4132
99	8	1658.4132
99	9	1658.4132
99	10	1658.4132
101	1	5276.205231481482
101	2	2975.9695057692306
101	3	4191.7733
101	4	5230.476590163934
101	5	4760.669326190477
101	6	5733.223269387754
101	7	4096.884235227273
101	8	5996.087706930693
101	9	4776.582112626263
101	10	2691.73286
101	11	4485.8392
101	12	4834.182
101	13	3110.1997264150946
101	14	2664.5483
101	15	4063.4057597269625
101	16	4378.44696
101	17	3290.900894736842
101	18	3845.2401430107525
102	2	53379.74
102	3	53379.74
102	7	53379.74
102	8	53379.74
102	9	53379.74
102	12	53379.74
102	13	53379.74
102	14	53379.74
102	18	53379.74
103	1	15856.578
103	2	13607.591161290322
103	3	16342.09552631579
103	4	15194.271400000001
103	5	49779.03388888889
103	6	17841.348214285714
103	7	21303.446128205127
103	8	28737.677150684933
103	9	17997.09091891892
103	10	16768.445836065577
103	11	15077.403893617022
103	12	24917.482
103	13	11293.298369565216
103	14	21043.226089285716
103	15	15594.372274509804
103	16	13374.54996039604
103	17	18084.051216666667
103	18	21282.315166666664
103	19	17870.113
103	20	20097.068323076925
104	1	42449.188
104	2	42449.188
104	3	42449.188
104	4	42449.188
104	5	42449.188
104	6	42449.188
104	7	42449.188
104	8	42449.188
105	1	10705.267
105	2	6940.27
105	3	6011.750252903225
105	4	3427.7236804284325
105	5	2391.223241002465
105	6	19076.13
105	7	3889.343
105	8	5730.1377
105	9	12724.972666666668
105	10	21112.018
105	11	8568.82859762309
105	12	10394.4
105	13	7968.413776609725
105	14	4412.733629245283
105	15	2390.4143000000004
105	16	6635.686
105	17	8232.682
105	19	3889.343
105	20	9176.586
105	21	3391.2498
105	22	5155.7793
105	23	3423.6558
105	24	5543.4043
105	25	15868.858999999999
105	26	4648.88348428645
105	27	10489.656
105	28	8264.547616959064
105	29	4742.753006930471
105	30	9239.81994623656
105	31	6940.27
105	31	7551.846
105	32	6940.27
105	33	4739.0674
105	34	3374.8955
105	35	3384.9532448275863
105	36	5187.52
106	1	8071.425427927928
106	2	8014.3403
106	3	9890.467
106	4	8196.953
106	5	5126.712784745763
106	6	6342.624972661871
106	7	14557.729076570917
106	8	30703.444333333333
106	9	8490.467892495637
106	10	8188.785591743119
106	11	6496.231695577395
106	12	9712.012
106	13	6683.047757365684
106	14	7684.232281105991
106	15	9186.660004166666
106	16	41420.51680316285
106	17	42033.676422413795
106	18	26287.677702702702
106	19	6642.99681122449
106	20	2449.4873
106	21	2449.4873
106	22	4918.881680851064
106	23	2879.029
106	24	14568.608
106	25	26440.67397533207
106	26	6551.192660962568
106	27	6551.230036563072
106	28	6522.509405817174
106	29	6949.721017061612
106	30	6339.7456
106	31	8588.870538016528
106	32	9797.68994507874
106	33	10084.409565011822
106	34	6172.813855882353
107	1	25004.043
107	2	9408.707
107	3	31921.842
107	4	9645.581
107	5	11853.944
107	6	16452.36
107	7	11278.22
107	8	11166.765
107	9	20009.283
107	10	10190.49
107	11	14585.304
107	12	23590.854
107	13	11781.68
107	14	10792.975
107	15	36768.277
107	16	45678.598
107	17	8179.977
107	18	8471.997
107	19	16817.707
107	20	20009.283
107	21	11634.891
107	22	12987.229
107	23	11061.802
107	24	11634.891
107	25	17250.37
107	26	5313.681642211704
107	27	11634.891
107	28	25004.043
107	29	7834.4447637218045
107	30	11634.974783675798
107	31	12987.229
108	1	15357.57312654321
108	2	14017.773
108	3	15027.973557103061
108	4	14017.773
108	5	16453.562552238804
108	6	13961.580987383177
108	7	13972.407835094338
108	8	14017.773
108	9	14017.773
108	10	14017.773
108	11	14017.773
108	12	14017.773
108	13	14017.773
108	14	14017.773
108	15	14017.773
108	16	14017.773
108	17	14017.773
108	18	14017.773
109	1	35581.573111111116
109	2	30807.646476190475
109	3	43714.492
109	4	60431.087131578955
109	5	29156.235854368933
109	6	64100.656
109	7	40107.688
109	8	60882.887
109	9	63212.518470588235
109	10	33594.825000000004
109	11	31877.4664
109	12	29142.996000000003
109	13	43101.335
109	14	29575.81
109	15	31199.328941176467
109	16	40107.688
109	17	64100.656
109	18	29195.446192307692
109	19	29575.810000000005
109	20	39467.11904
109	21	29691.2306
109	22	38102.79940229885
109	23	33903.98
109	24	30534.8335
109	25	35246.05448888889
109	26	62511.35726315789
110	1	50432.336
110	2	50432.336
110	3	50432.336
110	4	50432.336
110	5	50432.336
110	6	50432.336
111	1	4000.253647058824
111	2	31177.055214285712
111	3	31670.693
111	4	31670.693
111	5	31670.693
111	6	31670.692999999996
111	7	31670.693
112	1	28154.40956647399
112	2	22085.735712837835
112	3	24555.483536423842
112	4	22586.781995594716
112	5	21773.816450704227
112	6	40592.42128531856
112	7	37522.176666666666
112	8	40439.722821561336
112	9	36037.51738202247
112	10	42425.12378841309
112	11	34479.992519230764
112	12	26561.32905882353
112	13	36693.51307913669
112	14	26655.033
112	15	22517.734
112	16	37361.276540540544
112	17	43083.572698275864
112	18	31577.091077519377
112	19	43559.32573076923
112	20	38588.646213559325
113	1	8528.896
113	2	8528.896
113	4	8528.896
113	5	8528.896
113	6	8528.896
113	7	8528.896
113	8	8528.896
113	9	8528.896
113	10	8528.896
113	11	8528.896
113	12	8528.896
113	13	8528.896
113	14	8528.896
114	1	40669.594
114	2	31691.314
114	3	29990.773
114	4	29230.693000000003
114	5	30297.293
114	6	36197.54
114	7	32619.242
114	8	33319.316
114	9	31155.816
114	10	32953.61
114	11	35537.92
114	12	30717.873
114	13	30017.344
114	14	32666.718999999997
114	15	34165.945
114	16	29862.96135930736
114	17	33790.99
114	18	28157.107
114	19	31115.75
114	20	26136.066
114	21	27710.656
114	22	34077.113
114	23	36257.83
114	24	32054.963000000003
114	25	28675.56
114	26	34481.008
114	27	28288.754
114	28	23031.666
114	29	33224.125
114	30	31737.619999999995
114	31	33478.1
114	32	25255.21
114	33	38072.48
114	34	30043.866999999995
114	35	26829.309
114	36	38197.645
114	37	30401.275
114	38	37720.094
114	39	36969.707
114	40	31474.467
114	41	61475.418
114	42	30000.154
114	43	35144.926
114	44	29124.338
114	45	29476.867
114	46	35310.56
114	47	31534.06
116	1	10826.764
116	2	13272.987
116	3	9320.67
116	4	9376.684
116	5	8024.088
116	6	9320.67
116	7	11495.272000000003
116	8	9264.993
116	9	9719.8955
116	10	7422.819
116	11	9719.895
116	12	7378.478
117	1	28338.399055525162
117	2	30533.549000000003
117	3	27623.387670128395
117	4	97924.229322
117	5	25385.407013956778
117	6	25134.678
117	7	14338.322147668392
117	8	16477.546905812473
117	9	17622.953
117	10	22408.68077050053
117	11	52469.5
117	12	8615.425
117	13	31303.233795176384
117	14	7783.7496500879515
118	1	1697.3961
118	2	1697.3960999999997
118	3	1624.2233170731708
118	4	1615.7605
118	5	1697.3961
118	6	1730.4444685714286
118	7	1697.4065885825244
118	8	1615.7605
118	9	1697.3961
118	10	1707.6837338521402
118	11	1618.6760571428572
118	12	1697.3961
118	13	3137.912107142857
118	14	4341.318
118	15	2854.089
118	16	1615.7605
118	17	1622.9636411764707
118	18	1719.6139310924368
118	19	4321.688181818182
118	20	1707.6323203539823
118	21	4273.5251307692315
118	22	1697.3961
118	23	1697.3960999999997
118	24	1696.2904742574256
118	25	1697.204887328767
118	26	1697.3961
118	27	1617.8537205128207
118	28	4341.318
118	29	2814.2030379310345
118	30	9890.76201
118	31	1748.2397439560439
118	32	1697.3961
118	33	1697.3961
118	34	1622.5634666666667
118	35	2760.303089189189
118	36	2767.3370325
118	37	1697.3961
118	38	1615.7605
118	39	4328.164159701492
118	40	4312.5797184782605
118	41	1697.3961
118	42	1697.3961
118	43	1706.3199160904255
118	44	1697.3961
118	45	1615.7605
118	46	1697.3961
118	47	1697.3961
120	1	10129.893
120	2	11510.765008695651
120	3	8418.602666666666
120	4	8836.958842105263
120	5	7890.782072727273
120	6	8109.24972
120	7	7940.447111111112
121	1	67112.99
121	2	67112.99
121	3	66465.48735365854
121	6	67112.99
122	1	1610.8336
122	2	5902.31885
122	3	3673.808283911672
122	4	2244.2379057692306
122	5	2592.0300978632476
122	6	1610.8336
122	7	1613.7499896396396
122	8	3006.7106536312845
122	9	4201.752834529148
123	1	5305.737537931034
123	2	5341.308
123	3	5324.731662886597
123	4	5341.308
123	5	5317.995762325581
123	6	5341.308000000001
123	7	5350.87552
123	8	5341.308
123	9	5349.6712167832175
123	10	5330.52367150259
123	11	5341.308
123	12	5339.022997727273
123	13	5341.308
123	14	5341.308
123	15	5341.308
123	16	5353.4877512690355
123	17	5341.308
123	18	5341.308
124	1	24462.05811149826
124	2	13113.744098039217
124	3	28648.487968325793
124	4	19866.330913043475
124	5	18287.79832173913
125	1	13117.251
125	2	13117.251
125	4	13117.251
125	5	13117.251
125	6	12396.598153846155
125	7	13117.251
125	8	13117.251
126	1	2839.7267500000003
126	2	2037.9034230769232
126	3	3319.0678108108104
126	4	2274.4277945945946
126	5	2916.6037148936166
126	6	1913.9902422222222
126	7	3071.368098181818
126	8	2911.4950607142855
126	9	1839.2224000000003
126	10	2949.5566
127	1	786.9167
127	2	790.4023990000001
127	3	786.9167
127	4	786.9167
127	5	786.9167
127	6	786.9167
127	7	786.9167000000001
127	8	789.7738303278688
127	9	786.9167
127	10	786.9167
127	11	786.9167000000001
127	12	805.4579688888888
127	13	786.9167
127	14	786.9167
127	15	786.9167
128	1	13320.826
128	2	13320.826
128	3	13320.826
128	4	13320.826
128	5	13320.826
128	6	13285.860873135145
128	7	13320.826
128	8	13320.826
128	9	13320.826000000001
128	10	13320.826
128	11	13320.826
128	12	13320.826
128	13	13320.826
128	14	13321.559538011696
128	15	13320.826
128	16	13310.936539199063
128	17	13317.984069003285
128	18	13320.826
128	19	13320.826
128	20	13320.826
128	21	13320.826
128	22	13320.826
129	1	95355.53
129	2	95355.53
129	9	95355.53
130	1	19634.486169398908
130	2	17974.66227027027
130	3	25774.890895061726
130	4	27777.04973873874
130	5	17348.29111111111
130	6	19691.8254625
130	7	15030.313282051282
130	8	22525.14513953488
130	9	21001.99778169014
130	10	38260.653467336684
131	1	90418.14780952381
131	2	93552.6
131	3	93552.6
132	2	104718.266
133	1	13365.332
133	3	6389.4
133	5	13358.674999999997
133	7	13365.332
133	8	20348.824
133	9	20348.824
133	10	13365.332
133	11	14571.94
133	12	14202.015
133	13	6389.4
133	14	14202.015
133	15	6389.4
133	16	20348.824
133	17	10055.963
133	19	10055.963
133	20	10055.963
133	21	13365.332
133	22	14571.94
133	23	13358.675
133	24	14571.94
133	25	10055.963
133	26	20348.824
133	27	14202.015
133	29	6389.4
133	30	13358.675
133	31	20348.824
133	32	6389.399999999999
133	33	13365.332
133	34	20348.824
133	35	13358.675
133	36	10055.963
133	37	20348.824
133	38	13365.332
133	39	14202.015
133	40	7023.892999999999
133	41	7023.893
133	42	14571.94
133	43	14571.94
133	44	7023.893
133	45	10055.963
133	46	7023.893
133	47	13365.332
133	48	13365.332
133	49	10055.963
133	50	6389.4
133	51	14571.94
133	52	13358.674999999997
133	53	14571.94
133	54	14202.015
133	55	10055.963
133	56	10055.963
133	57	13365.332
133	58	20348.824
133	59	10055.963
133	60	14571.939999999999
133	61	13365.332
133	62	14202.015
133	63	7023.893
133	64	14571.94
133	65	13358.674999999997
133	66	20348.824
133	67	20348.824
133	68	14202.015
133	69	7023.893000000001
133	70	10055.963
133	71	14202.015
133	72	20348.824
133	73	13365.332
133	74	6389.399999999999
133	75	6389.4
133	76	14202.015
133	77	14202.015
133	78	13358.675
133	80	13365.332
133	81	10055.963
133	82	6389.4
133	83	10055.963
133	84	20348.824
134	1	1373.344
134	2	1373.344
134	3	1373.344
134	4	1373.344
134	5	1373.344
134	6	1373.344
135	1	1112.9873
135	2	1112.9873
135	3	1112.9873
135	4	1112.9873
135	5	1214.77018
135	6	1112.9873
135	7	1112.9873
135	8	1129.105500952381
135	9	1112.9873
135	11	1112.9873
135	12	1112.9873
135	13	1112.9873
135	14	1112.9873
135	15	1112.9873
135	16	1112.9873
135	17	1133.343876
135	18	1112.9873
135	19	1105.6060474074075
135	20	1107.6869324468084
135	21	1091.2844391304347
135	22	1094.647935
135	23	1112.9873
135	24	1112.9873
135	25	1145.610017948718
135	26	1112.9873
135	27	1112.9873
135	28	1112.9873
136	1	21287.08
136	2	14212.30600900901
136	3	8736.295
136	4	37772.58
136	5	14180.313
136	6	25501.091263157898
136	7	27758.444789473684
136	8	23077.300107142855
136	9	17405.743589430895
136	10	14010.366699999999
136	11	43703.242000000006
136	12	37772.58
136	13	14284.92220438799
136	14	29817.364967586207
136	15	37337.388559139785
136	16	19639.264
138	1	2285.3071
138	2	2280.1283246268654
138	3	2286.4674618430035
138	4	2310.8461346430545
138	5	2282.1797550317315
138	6	2275.0197990862944
138	7	2285.3071
138	8	2285.135540189125
138	9	2285.5347158626196
141	1	10343.564
141	2	10343.564
141	3	10523.761333333334
141	4	10613.86
142	1	3709.1528658236994
142	2	3706.929260045662
142	3	3710.1824
142	4	3710.1824
142	5	3710.1823999999997
142	6	3710.1824
142	7	3708.941759773618
142	8	3691.586963784666
142	9	3710.1824
142	10	3710.1824
142	11	3710.1823999999997
142	12	3740.74110612855
142	13	3710.1824
143	2	18333.42
143	3	18333.42
143	4	18333.42
143	5	18333.42
143	6	18333.42
143	7	18333.42
143	9	18333.42
143	12	18333.42
144	7	1369.7063
144	9	1369.7063
144	12	1369.7063
144	15	1369.7063
144	16	1369.7063
144	17	1369.7063
145	1	17133.209338461536
145	2	17576.203
145	3	16011.959031999999
145	4	103731.23069352518
145	5	7140.982364044943
145	6	16198.981936990596
145	7	20846.850957121736
145	8	15885.570742857144
145	9	30076.3756
145	10	14263.591203241895
145	11	13303.362476683937
145	12	8221.186489974938
145	13	10966.983353571428
145	14	15771.302684155298
145	15	11658.47551724138
145	16	10304.387071232877
145	17	11402.587403225807
145	18	10599.161646376811
145	19	29529.852701923075
145	20	7641.597135013502
145	21	10833.541370460049
145	22	18554.774206896553
145	23	19720.002396261683
145	24	13762.087329974811
145	25	14177.89196793003
145	26	17852.204179549117
145	27	29535.43054697987
145	28	17991.09080863592
145	29	8980.30008
145	30	11429.361903263403
145	31	14958.87881120332
145	32	11609.758635514017
146	1	3209.259
146	2	3209.259
146	3	3209.259
146	4	3209.259
147	1	4741.8247
147	2	4741.8247
147	3	4741.8247
147	4	4741.8247
147	5	4741.8247
147	6	4741.8247
147	7	4741.8247
147	8	4741.8247
147	9	4741.8247
147	10	4741.8247
147	11	4741.8247
147	12	4741.8247
147	13	4741.8247
147	14	4741.8247
147	15	4741.8247
147	16	4741.8247
147	17	4741.8247
147	18	4741.8247
147	19	4741.8247
147	20	4741.8247
147	21	4741.8247
147	22	4741.8247
147	23	4741.8247
147	24	4741.8247
147	25	4741.8247
147	26	4741.8247
147	27	4741.8247
147	28	4741.8247
147	29	4741.8247
147	30	4741.8247
147	31	4741.8247
147	32	4741.8247
147	33	4741.8247
147	34	4983.272008333333
147	35	4741.8247
147	36	4741.8247
147	37	4741.8247
149	1	20155.645354757355
149	2	6194.971596740173
149	3	8557.08274333683
149	4	4347.347577093596
149	5	6597.542516485787
149	6	38020.93446875
149	7	13460.434
149	8	6532.760475665748
149	9	6201.637438594535
149	10	7969.088494852942
149	11	5581.294086842105
149	12	5562.526756484273
149	13	6705.495794252874
149	14	7468.505156957929
149	15	6849.032503184712
149	16	5799.818749031759
149	17	39765.82
149	18	11162.847604439594
149	19	14192.069669973544
149	20	11438.931966401906
149	21	13961.84204109589
149	22	5999.496260834671
150	1	15010.485
150	2	15010.485
150	3	15010.485
150	4	15010.484999999999
150	5	15010.485000000002
150	6	15010.484999999999
150	7	15010.485
150	8	15010.484999999999
150	9	15010.485
150	10	15010.485
150	11	15010.485
150	12	15010.485
150	13	15010.485
150	14	14826.827000000001
150	15	15010.485
150	16	14716.632200000002
150	17	14643.169
150	18	15010.485
150	19	15010.485
150	20	15010.485
150	21	12480.3822
152	1	9656.635
152	2	6720.5864
152	3	4756.2676
152	4	7708.3994
152	5	9656.635
152	6	6238.3237
152	7	6238.3237
152	8	6720.5864
152	9	5618.717316887816
152	10	5879.0654
152	11	7708.399399999999
152	12	6238.3237
152	13	9656.635
152	14	7708.3994
152	15	4756.2676
153	1	692.2566444742489
153	2	998.492127434555
153	3	1246.9721711981567
153	4	838.2026732558139
153	5	2950.741
153	6	2937.3608360544217
153	7	798.1288341219769
153	8	627.1928927331189
153	9	1650.343091263282
153	10	752.5063187858901
153	11	616.1014358452951
154	1	4861.065
154	2	4861.065
154	3	4857.8904531317485
154	4	4863.519582941688
154	5	4861.09416849315
154	6	4873.8432880434775
154	7	4861.065
154	8	4861.065
154	9	4861.065
154	10	4861.065
154	11	4861.065
154	12	4864.434973546273
154	13	4868.765687595712
154	14	4893.017376811594
154	15	4861.065
155	1	9804.872051251772
155	2	9800.78
155	3	9800.78
155	4	9800.78
155	5	9800.78
155	6	9800.78
155	7	9800.78
155	8	9800.78
155	9	9800.78
155	10	9800.78
155	11	9800.78
155	12	9800.78
155	13	9829.618363636364
157	1	2953.446319672131
157	2	2369.8121638069706
157	3	1532.6645503816794
157	4	1791.4588540636043
157	5	2237.3281796391752
158	1	34909.12620408164
158	2	33644.703241379306
158	3	37338.363
158	4	39551.423448979585
158	5	63852.5775625
158	6	44626.18379166667
158	7	41840.15
158	8	46643.88925000001
158	9	53889.055
158	10	41442.934
158	11	55477.918
158	12	43826.23
158	13	45100.635125
158	14	46739.156
160	1	34762.35
160	2	34762.35
160	3	34762.35
160	4	34762.35
160	5	34762.35
160	6	34762.35
160	7	34762.35
160	8	34762.35
160	9	34762.35
160	10	34762.35
160	11	34762.35
160	12	34762.35
160	13	34762.35
160	14	34762.35
160	15	34762.35
160	16	34762.35
161	1	3117.0899750000003
161	2	3126.1456817891376
161	3	4002.29565625
161	4	6651.5005
161	5	4153.423
161	6	3731.598298701298
161	7	4130.150492857143
161	8	6430.806816666667
161	9	3734.031781147541
161	10	4117.171152747253
161	11	4195.763296610169
161	12	3833.236831818182
161	13	6462.966349056604
161	14	6651.5005
161	15	3637.346566990291
161	16	3921.325833333334
161	17	3817.355051724138
161	18	4003.1763
162	1	934.7699644243208
162	2	916.3645806888763
162	3	897.3953
162	4	915.2484282377919
162	5	897.3952999999999
162	6	908.1793854700854
162	7	900.4823245662101
162	8	909.2598044507043
163	1	5924.1826
163	2	3305.2644000000005
163	3	5948.225822222223
163	4	5961.634542307692
163	5	3305.2644
163	6	7871.6836
163	7	5860.585076470588
163	8	3305.2644
163	9	5924.1826
163	10	7851.606270103093
163	11	5924.1826
163	12	7847.4925379912665
163	13	7827.717304761905
163	14	5915.145505494506
163	15	5081.8454155555555
163	16	3305.2644
163	17	6140.5716
163	18	3341.436398657718
163	19	5067.652197718631
163	20	3343.3267432203393
163	21	5063.446659786477
163	22	5070.86825404157
163	23	5128.665839411765
163	24	5124.220878571428
163	25	7871.683600000001
163	26	3880.7160787096773
163	27	5101.807
163	28	7871.6836
163	29	7839.28738245614
163	30	7871.6836
163	31	7824.7301823529415
163	32	3316.152536969697
163	33	7794.554847524752
163	34	5101.807
163	35	3323.6815462728555
163	36	3305.2644
163	37	5101.807
166	1	2249.256066666667
166	2	2167.68601300813
166	3	2077.7498
166	4	2077.7498
166	5	2281.8688835820894
166	6	2077.7498
166	7	2077.7498
166	8	2077.7498
166	9	2158.8548376963354
166	10	2077.7498
166	11	2077.7498
166	12	2077.7498
166	13	2286.469690566038
166	14	2077.7498
167	1	30309.635
167	2	30309.635
167	3	30309.634999999995
167	4	30309.635
167	5	30309.635
169	1	46601.95012631579
169	2	60987.562
169	3	48787.359146919436
169	4	56582.61895043732
169	5	54984.556760145366
169	6	47086.97518237082
169	7	67290.82319444444
169	8	65324.80792819149
169	9	46983.77122719734
169	10	55944.778449777776
169	11	47952.775684729066
169	12	114883.55
169	13	78723.80546798029
169	14	60939.40768163265
169	15	61813.26409825328
169	16	54144.993194842406
169	17	55033.30095260664
169	18	64586.81307926829
169	19	49383.16
170	1	35982.754
170	2	35982.754
170	3	35982.754
170	4	35982.754
170	5	35982.754
170	6	35982.754
170	7	35982.754
170	8	35982.754
170	9	35908.107245104235
170	10	35345.28505
170	11	35982.754
171	1	4743.744275129534
171	2	3932.4879254648877
171	3	4706.083288439307
171	4	4584.446090909091
171	5	4055.3836897196265
171	6	4960.730462182204
171	7	4638.816745542427
171	8	5599.513232744341
172	2	14385.969
172	8	14385.969
172	9	14385.969
172	11	14385.969
172	13	14385.969
172	14	14385.969
173	1	4714.925
173	2	4714.925
174	1	9333.219
174	2	10888.869461538463
174	3	9481.321360655738
174	4	36438.00661403509
174	5	6017.541191304348
174	6	5698.3706
174	7	9997.9735
174	8	21463.327206896553
174	9	11004.904755555555
174	10	9718.968102564102
174	11	28044.01309375
174	12	27497.172257142855
174	13	7589.756488188977
175	1	2750.8074
175	2	2750.8074
175	3	2750.8074
175	4	2750.8074
175	5	2750.8074
175	6	2750.8074
175	7	2750.8074
175	8	2750.8074
175	9	2750.8074
175	10	2750.8074
175	11	2750.8074
175	12	2750.8074
175	13	2750.8074
175	14	2750.8074
175	15	2750.8074
175	16	2750.8074
175	17	2750.8074
175	18	2750.8074
175	19	2750.8074
175	20	2750.8074
175	21	2750.8074
175	21	2750.8074
175	22	2760.8309798134014
177	1	7286.32994
177	2	10378.285114344686
177	3	10258.876227027027
177	4	9563.813539877301
177	5	17732.742
177	6	10725.089
177	7	5879.0317
177	8	7938.6055
177	9	12220.711785340314
177	10	8174.533000000001
177	11	7117.882034632034
177	12	6379.421540983606
177	13	7498.6357
177	14	9078.577914691941
177	15	8901.375434782609
177	16	5623.9766
177	17	9623.158871106338
177	18	6472.036
178	1	5795.171991503268
178	2	11043.539027842226
178	3	3894.2523228346454
178	4	16193.93326970091
178	5	5620.285451992409
178	6	6224.89261
178	7	18467.342
178	8	8132.907221173763
178	9	4566.698025977012
178	10	5785.033445283019
178	11	14381.640888446214
178	12	8425.599489325843
178	13	9605.388315488215
178	14	7970.74043154762
178	15	18467.342
178	16	18325.06894764398
178	17	7238.599575028377
178	18	10696.587386860583
178	19	25619.050683505156
178	20	10908.484885263159
178	21	7790.476130805687
178	22	5640.625115706215
178	23	5751.282026821192
178	24	15608.584579274611
178	25	7612.627036363636
178	26	7221.936478149922
179	1	4983.957
179	2	4612.5044
179	3	4612.5044
179	4	6762.2476
179	5	2715.9539
179	6	6762.2476
179	7	4983.957
179	8	6762.2476
179	9	4612.5044
179	10	6762.2476
179	11	4983.957
179	12	6762.2476
179	13	4983.957
179	14	4288.1406
179	15	6088.227
179	16	4612.5044
179	17	6762.2476
179	18	4983.957
179	19	2715.9539
179	20	2779.1772390625
179	21	4612.5044
179	22	6762.2476
179	23	2715.9539
179	24	6762.2476
179	25	5990.040469090909
179	26	4612.5044
179	27	4612.5044
179	28	4612.5044
179	29	4612.5044
179	30	4612.5044
179	31	4288.1406
179	32	6762.2476
179	33	4983.957
179	34	4983.957
179	35	4983.957
179	36	6762.2476
179	37	4983.957
179	38	4983.957
179	39	4983.957
179	40	6762.2476
179	41	4612.5044
179	42	4612.5044
179	43	4288.1406
179	44	4612.5044
179	45	6762.2476
179	46	2715.9539
179	47	14887.258114285713
179	48	4612.5044
179	49	4612.5044
179	50	4983.957
179	51	6748.3502680412375
179	52	6099.848044827587
179	53	4612.5044
179	54	4288.1406
179	55	6762.2476
179	56	5086.550688461538
179	57	6762.2476
179	58	6762.247600000001
179	59	6762.2476
179	60	6762.247600000001
179	61	4983.957
179	62	6724.075017924528
179	63	5124.348363157895
179	64	6762.2476
179	65	6762.2476
179	66	4288.1406
179	67	4612.5044
179	68	6088.227
179	69	2715.9539
179	70	4612.5044
179	71	4288.1406
179	72	4612.5044
179	73	4612.5044
179	74	4612.5044
179	75	4612.5044
179	76	6762.2476
179	77	5348.489676923077
179	78	6719.907347619047
179	79	4612.5044
179	80	4612.5044
179	81	4612.5044
181	1	17363.74302915452
181	2	19130.56043661972
181	3	26073.224918871256
181	4	21528.4888115942
181	5	21114.76792086331
181	6	28255.39062921348
181	7	21395.549609170306
181	8	23272.071461832064
181	9	40269.7733092006
181	10	20163.058722891565
181	11	18752.66635645933
181	12	22969.875928176793
181	13	26409.361249999998
181	14	16989.26687850467
181	15	19193.764309012873
181	16	23107.009478070173
182	1	26193.832
182	2	22593.88561363636
182	3	26690.064
182	4	26193.832
182	5	21643.998
182	6	21643.998000000003
182	7	23191.963
182	8	23191.963
182	9	27795.197
182	10	23047.966255813953
182	11	23191.963
182	12	30103.057068181817
182	13	26690.064
182	14	26193.832
182	15	21643.998
182	16	24963.06571
182	17	29549.750153846155
182	18	21643.998
182	19	21643.998
182	20	22634.6956
183	1	34887.094
183	2	34887.094
183	3	34887.094
183	4	34887.094
183	5	34887.094
183	6	34887.094
183	7	34887.094
183	9	34887.094
183	10	34887.094
183	11	34887.094
183	12	34887.094
183	13	34887.094
183	14	34887.094
183	15	34887.094
183	16	34887.094
183	18	34887.094
183	20	34887.094
183	22	34887.094
183	23	34887.094
183	24	34887.094
183	25	34887.094
183	26	34887.094
183	27	34887.094
183	28	34887.094
183	29	34887.094
183	30	34887.094
183	31	34887.094
183	32	34887.094
183	33	34887.094
183	34	34887.094
183	35	34887.094
183	36	34887.094
183	37	34887.094
183	38	34887.094
183	39	34887.094
183	41	34887.094
183	42	34887.094
183	43	34887.094
183	44	34887.094
183	47	34887.094
183	49	34887.094
183	50	34887.094
183	51	34887.094
183	52	34887.094
183	53	34887.094
183	55	34887.094
183	56	34887.094
183	57	34887.094
183	58	34887.094
183	59	34887.094
183	60	34887.094
183	62	34887.094
183	63	34887.094
183	64	34887.094
183	65	34887.094
183	66	34887.094
183	67	34887.094
183	68	34887.094
183	69	34887.094
183	70	34887.094
183	72	34887.094
183	74	34887.094
183	75	34887.094
183	76	34887.094
183	77	34887.094
183	78	34887.094
184	1	135321.69
184	2	135321.69
184	3	135321.69
184	4	127590.98845454546
184	5	131964.9380131579
184	6	135321.69
184	7	135321.69
185	1	5993.1533
185	2	5993.1533
185	3	6256.9631636986305
185	4	6032.349116391555
185	5	5999.2036397435895
185	6	6248.905226294821
185	7	5911.910464738854
185	8	6146.815012466667
185	9	6048.373715913979
185	10	5993.1533
185	11	5941.619250392157
185	12	5993.1533
186	1	27267.729999999996
186	2	27267.73
186	3	27267.73
186	4	27267.729999999996
187	1	20414.989999999998
187	2	21195.214435114503
187	3	23071.623
187	4	15539.884
187	5	19515.916
187	6	15887.531
187	7	10482.547
187	8	25364.637000000002
187	9	16939.143
187	10	53562.54
187	11	13635.90479
187	12	12599.93078313253
187	13	16681.426
187	14	23847.828
187	15	25186.723
187	16	15334.61951612903
187	17	14095.537
187	18	16613.846
187	19	15953.841018421052
187	20	10669.739999999998
187	21	21918.348
187	22	15462.357999999998
187	23	19601.074
187	24	16057.923
187	25	13911.44
187	26	31030.889
187	27	13381.00327909091
187	28	13765.929
187	29	15925.265
187	30	12449.849
187	31	12359.335000000001
187	32	20941.764
187	33	15571.62
187	34	14292.338000000002
187	35	22898.32
187	36	12352.569
187	37	12377.528
187	38	27221.291
187	39	15172.909073381294
187	40	15741.358
187	41	10023.92
187	42	12962.783
188	1	8916.448706060606
188	2	111887.26747795177
188	3	16775.00603465765
188	4	23171.6789566199
188	5	11556.048868090453
188	6	14414.24260696864
188	7	19476.677926499033
188	8	8745.616450920244
188	9	10891.390569829578
188	10	23090.602426829268
188	11	14352.875672849916
188	12	63801.94160350776
188	13	9488.9351521164
188	14	25452.268
188	15	7753.609017789073
188	16	1941.4896992343934
188	17	5746.326980392157
188	18	17215.94411566915
188	19	7945.096328
188	20	6992.933093684211
188	21	15984.913593406594
188	22	6625.600036
188	23	14071.00437948718
188	24	24374.773777075636
188	25	7141.655234583333
188	26	15414.569310466917
188	27	18352.828576393957
188	28	20184.65535639985
188	29	13616.354256335615
188	30	189003.3633489631
188	31	9712.628483364486
188	32	30548.05550550144
188	33	10697.467321804512
188	34	14620.30060156986
188	35	104362.40335526464
188	36	11438.865139892903
188	37	13028.52612006861
188	38	25133.92483941236
188	39	16356.517602941176
188	40	28605.069208193767
188	41	9178.565885245902
188	42	9677.027493307838
188	43	42312.207
188	44	40969.86831138976
188	45	22774.26178185548
188	46	23529.605910066617
188	47	14979.464471583653
188	48	7921.716106194691
188	49	15372.902255267423
188	50	14584.17103758983
188	51	15266.786451257321
188	52	10105.99988961039
188	53	17258.112730523626
188	54	8835.285289759038
188	55	18515.693085228828
188	56	18314.486417290416
188	57	9733.198748310811
188	58	11379.405393187066
188	59	11580.761036942677
188	60	76321.62695535128
188	61	30971.41494319418
188	62	16564.648676356588
188	63	11318.787833775184
188	64	11718.66398493976
188	65	8818.049296633304
188	66	18560.441
188	66	20172.061097002595
188	67	9852.39791411043
188	68	20081.327492231638
188	69	20936.426707037408
188	70	11915.126770916335
188	71	7831.7566373058635
188	72	12683.657539788535
188	73	186932.66793119532
188	74	13498.334927846674
188	75	10548.03953263889
188	76	11769.722951986756
188	77	12887.915369458127
188	78	16195.585645151785
188	79	10925.86571443625
188	80	189204.41754932472
188	81	14096.24029591837
188	82	14280.633772870664
188	83	11304.185978796666
189	1	1656.868745945946
189	2	1655.1754
189	3	1654.7468342342343
189	4	1655.1754
189	5	1655.1754
193	3	22934.46
193	6	22934.46
193	7	22934.46
194	3	10343.564
194	4	10343.564
194	5	10343.564
194	6	10343.564
194	8	10343.564
194	9	10343.564
194	10	10343.564
195	1	39424.92
195	2	39424.92
196	1	10379.087
196	2	10379.087
196	3	10379.087
196	4	10379.087
197	1	5574.068
197	2	5574.068
197	3	5574.068
197	4	5574.068
197	5	5574.068
197	6	5574.068
197	7	5574.068
197	8	5574.068
197	9	5574.068
197	10	5574.068
197	11	5574.068
198	2	52841.957
199	1	3043.8691
199	2	3043.8691
200	1	50283.973
200	2	50283.973
200	3	50099.76373015873
200	4	49897.94307160963
200	5	50283.973
200	6	50283.973
200	7	50283.973
200	8	50270.57964756694
200	9	50283.973
200	10	48180.27442211055
200	11	50283.973
200	12	50155.832192837464
200	13	50283.973
201	1	2287.6685
201	2	2287.6685
201	3	2287.6685
201	4	2287.656867487685
201	5	2287.6685
201	6	2287.6685
201	7	2287.6685
201	8	2287.6685
201	8	2287.6685
201	9	2287.6685
201	10	2287.6685
201	11	2293.4984750000003
201	12	2286.2586308139535
201	13	2287.6685
201	14	2248.497268539326
202	1	3540.3673999999996
202	2	11603.966807017545
202	3	13756.727611940298
202	4	20732.707
202	5	7854.5674
202	6	6802.568
202	7	17415.881959459457
202	8	11118.389
202	9	10347.0625
202	10	13228.223
202	11	13877.716
202	12	9178.589
202	13	10471.797
202	14	9922.078
202	15	12310.531
202	16	8240.22
202	17	10855.092
202	18	16777.72875862069
202	19	16911.65
202	20	15136.035036363637
202	21	11580.466224137932
202	22	8339.556
202	23	10725.793
202	24	18873.342075
202	25	10661.723
203	7	25667.555
204	1	1493.1268478494621
204	2	1496.9442
204	3	1496.9442000000001
204	4	1496.9442
205	1	80191.54
205	2	80191.54
205	3	80191.54
205	4	80191.54
205	5	80191.54
207	1	24382.336
207	2	20546.261976331363
207	3	64563.81694444445
207	4	21824.037890756303
207	5	23090.34287735849
207	6	15723.189
207	7	24530.45305
207	8	30990.635
208	1	24295.402285714285
208	2	27560.398
208	3	27224.29529787234
208	4	21846.656
208	5	22245.780625
208	6	32097.781
208	7	40768.42380952381
208	8	24367.426
208	9	19157.838
208	10	25990.549871794872
208	11	24871.578214285713
208	12	19830.045
209	1	2057.5557
209	2	2057.5557
209	3	2057.5557
209	4	2057.5557
209	5	2057.5557
209	6	2057.5557
209	7	2057.5557
209	8	2057.5557
209	9	2057.5557
209	10	2068.059513636363
210	1	395.8553113846154
210	2	381.987992909699
210	3	378.13596
210	4	378.13596
210	5	378.13596
210	6	390.0712744041451
210	7	388.20664809160303
210	8	378.13596000000007
210	9	378.13596
210	10	378.13596
210	11	378.13596
210	12	378.13596
210	13	378.13596
210	14	378.13596
210	15	378.13596
210	16	378.13596
210	17	409.41827170370374
210	18	385.1803504587156
211	1	11500.237694277108
211	2	11098.644137826845
211	3	14303.97416877637
211	4	9703.25666505246
211	5	14284.263751775701
211	6	14283.709271341464
211	7	14301.050158357772
211	8	11612.875549560351
211	9	11533.3545
213	1	33440.534222222224
213	2	35394.955916666666
213	3	41227.10237288136
213	4	34212.315714285716
213	5	41545.56
213	6	29098.78557633588
213	7	36499.965
213	8	29685.91886394558
213	9	43956.17805338078
213	10	39518.832
213	11	29702.5396
213	12	28139.12
213	13	28807.475773913044
213	14	36516.92492696629
213	15	41545.56
213	16	37317.886600000005
213	17	39518.832
214	1	3914.950743772102
214	2	3717.0506781862746
214	3	3924.1698301038064
214	4	3927.4883
214	5	3927.4882999999995
214	6	3927.4883
214	7	3924.8878721258134
214	8	3927.4883
214	9	3920.857176256158
214	10	3909.7323710991377
215	1	24673.860569649805
215	2	36177.13884239131
215	3	31961.91
215	4	26200.838175979985
215	5	31020.88448102981
215	6	38402.40758185404
215	7	27183.912
215	8	42956.887
215	9	41495.11
215	10	29759.908108571428
215	11	22893.933204472843
215	12	28751.608885106383
215	13	34629.06
215	14	29011.626999999997
215	15	36397.24
215	16	45205.85145945946
215	17	30500.938
215	18	28106.416
217	1	8555.604782692308
217	2	8646.131223529412
217	3	7660.5947
217	4	8573.154
217	5	16234.84471111111
217	6	9697.512
217	7	17353.973
217	8	9697.512
217	9	6487.334499999999
217	10	16850.365270000002
217	11	8364.672
217	12	7333.382857142858
217	13	6487.334499999999
217	14	9087.67
217	15	6487.3345
217	16	8364.672
217	17	9697.512
217	18	7687.835276119402
217	19	6487.3345
217	20	8364.672
217	21	8647.0
217	22	9087.67
217	23	7357.344613513513
217	24	8575.461687500001
217	25	6487.3345
218	1	3927.4883
218	2	3924.378579507134
218	3	3927.4883
218	4	3927.4883
218	5	3927.4883000000004
218	6	3927.4883
218	7	3927.4883
218	8	3927.4883000000004
218	9	3927.4882999999995
218	10	3929.90432808642
218	11	3926.58568744879
218	12	3931.5568133204633
218	13	3927.4883
218	14	3927.4883
218	15	3927.4883
218	16	3920.536476752767
218	17	3927.4883
218	18	3927.4883
219	1	15970.344
219	2	15970.344
219	3	15970.344
219	4	15970.344000000001
219	5	15559.302738461538
219	6	15970.344
219	7	15970.344
219	8	15970.343999999997
219	9	15868.695615384615
219	10	15970.344000000001
220	1	64450.54
220	2	64450.54
221	1	8066.254510638298
221	2	7930.358
221	3	8166.918592592592
221	4	7930.358
222	1	38617.91165555555
222	2	38107.98
222	3	40694.57169834711
222	4	40079.944813278
222	5	35526.473
222	6	40092.98106557377
222	7	45221.40494917681
222	8	39990.65218067227
222	9	39349.92000823046
222	10	42339.811815
222	11	52579.52591329295
222	12	40337.8558883721
222	13	37011.670817610066
222	14	39952.44616450216
222	15	62324.992
222	16	40200.59698850574
222	17	37453.89521259843
222	18	41191.94614188352
222	19	44248.9098687392
222	20	39817.535888198756
222	21	43850.361485496185
223	1	50445.729999999996
223	2	38161.223
223	3	38161.223
223	4	54418.21
223	6	51479.94204255319
223	7	38772.914
223	8	75709.15
223	9	45173.13
223	10	45533.11132786886
223	11	51143.84984615384
223	12	47267.46672413793
223	13	51821.434
223	14	46226.457
223	15	45662.36633333334
223	16	50155.66
223	17	59529.516
223	18	42836.28
223	19	47500.68522222222
223	20	43677.4435
223	21	50842.09342857143
223	22	37384.312
223	23	42883.664
223	24	51093.57157142857
223	25	71148.12
223	26	100726.44
224	1	3852.0922052785927
224	2	3748.764
224	3	3748.764
224	4	3748.764
224	5	3748.764
224	6	3748.764
224	7	3921.9762000000005
224	8	3748.764
224	9	3856.4765053110773
224	10	3748.764
224	11	3748.764
224	12	3748.764
224	13	3763.3435833333333
224	14	3748.764
225	1	16618.291
225	2	45227.03
225	3	45227.02999999999
225	4	45227.03
225	5	45227.02999999999
225	6	45227.03
225	7	45227.03
226	1	2616.1912
226	2	2616.1912
226	3	2616.1912
226	4	2631.298889724311
226	5	2616.1912
227	1	3009.8010226966294
227	2	5286.447610000001
227	3	1541.460219348269
227	4	1917.3343878260869
227	5	3065.0175060747665
227	6	1550.2782918793503
227	7	2246.418415304348
227	8	1569.1912
227	9	2764.872580392157
227	10	2119.97924863459
227	11	2998.140664814815
227	12	2038.0430792243767
227	13	2794.7970465940057
227	14	2356.787364337349
227	15	2197.5573576744187
227	16	2579.184114666667
227	17	3073.678904347826
227	18	2510.235
227	19	2510.235
227	20	1814.7851410526316
227	21	2287.833223053892
227	22	2714.7685474240425
227	23	1608.3568795811518
227	24	1701.5834287625419
227	25	1532.1072330404218
227	26	1661.5348225479142
227	27	2407.2609202380954
227	28	2510.235
227	29	2510.235
227	30	2510.235
228	1	4738.0674
228	2	9364.924
228	3	36495.98
228	4	4912.8857
228	5	4472.3906
228	6	32843.33
228	7	9128.839
228	8	5047.1826
228	9	8653.35
228	10	8888.751
228	11	6017.1226
228	12	46729.72
228	13	11241.991
228	14	5191.693
228	15	12450.627
228	16	10445.064
228	17	8907.138
228	18	14706.762
228	19	7745.7915
228	20	17222.191
228	21	6233.5864
228	22	10040.164
228	23	4863.1943
228	24	4490.774
228	25	4361.8716
228	26	8045.674
228	27	15835.242
228	28	4361.8716
228	29	6475.8003
228	30	8191.2603
228	31	8468.749
228	32	5527.207
228	33	7091.146500000001
228	34	5198.945
228	35	4912.8857
228	36	13251.276
228	37	61358.02300000001
228	38	5030.8467
228	39	14480.589000000002
228	40	6836.69
228	41	5664.2817
228	42	6187.6445
228	43	4222.965
228	44	7185.476
228	45	8483.058
228	46	56765.13
228	47	5229.711
228	48	25421.176
228	49	12460.02
228	50	9936.097
228	51	9956.524
228	52	15219.031
228	53	103307.91999999998
228	54	4811.6904
228	55	12460.02
228	56	4590.2
228	57	55800.574
228	58	72158.69
228	59	8752.761
228	60	28650.148
228	61	10569.374
228	62	3938.2476
228	63	11215.892
228	64	12012.967
228	65	6190.57
228	66	8416.293
228	67	13752.524
228	68	4435.9604
228	69	7212.270000000001
228	70	9879.897
228	71	10178.03
228	72	4738.0674
228	73	5198.945
228	74	7750.421
228	75	7368.921
228	76	9196.565
228	77	4109.0386
229	1	2126.0437
229	2	2126.0437
229	3	2276.6407600000002
229	4	2126.0437
229	5	2214.630205882353
229	6	2126.0437
229	7	2126.0437
229	8	2126.0437
229	9	2126.0437
229	10	2126.0437
229	11	2126.0437
229	12	2126.0437
229	13	2126.0437
230	1	1371.5574796178344
230	2	1430.3233416058395
230	3	1373.8408
230	4	1396.918961057692
230	5	1398.4062228571427
232	1	5021.3755
232	4	5021.3755
232	5	5021.3755
233	2	30677.164
233	3	30677.164
233	4	30677.164
233	5	30677.164
233	6	30677.164
233	9	30677.164
233	10	30677.164
233	11	30677.164
233	12	30677.164
233	13	30677.164
233	14	30677.164
233	15	30677.164
234	1	10726.143
234	2	10726.143
234	3	10726.143
234	4	10726.143
234	5	10726.142999999998
234	6	10726.142999999998
234	7	10726.143
234	8	10726.143
234	9	10726.143
234	10	10726.143
234	11	10726.143
234	12	10726.143
234	13	10726.143
234	14	10726.143
234	15	10726.143
234	16	10726.143
234	17	10726.143
234	18	10726.143
234	19	10726.143
234	20	10726.143
234	21	10737.506020183488
234	22	10726.143
234	23	10726.143
234	24	10726.143
235	1	20719.559
235	2	18650.206749999998
235	3	14682.197819148936
235	4	17016.5574017094
235	5	8228.126789908258
235	6	11266.746834080717
235	7	5103.143957419355
235	8	15790.446
235	9	12785.516589473684
235	10	24372.02175578406
235	11	19438.939699029124
235	12	8006.80052
235	13	18857.37192436975
235	14	17907.868939130432
235	15	17941.484013636364
235	16	18507.316
235	17	8176.655
235	18	9363.027619999999
235	19	22929.824
235	20	7155.132208
235	21	5777.9493503875965
235	22	37297.35097580645
235	23	17313.04
235	24	28862.514366863907
235	25	37402.098
235	26	18917.00364556962
235	27	11621.370138248849
235	28	21320.281
235	29	15071.90662857143
235	30	10364.871612716763
235	31	9376.911591598915
235	32	22317.670853773583
235	33	9449.317578431372
235	34	16986.348436893204
235	35	12737.753594059408
235	36	8172.928318478261
235	37	15447.971267441862
235	38	7858.811500000001
235	39	13393.423
235	40	28897.828
235	41	28488.4202393617
235	42	14095.204107476635
235	43	16087.81788043478
235	44	18507.316
235	45	14238.844377952757
235	46	7841.203925624999
235	47	15781.43091981132
235	48	16061.502329113922
235	49	17015.1
235	50	23823.2535915493
235	51	31679.959804123708
235	52	13225.31095
235	53	28427.40870769231
235	54	14248.83726578073
235	55	12551.80195497076
235	56	21986.45399484536
235	57	8149.322339506173
235	58	21709.935141552513
235	59	29286.877591623037
235	60	5137.621183739838
235	61	18236.704374025976
235	62	15821.127038095237
235	63	9559.967725274726
235	64	17015.1
235	65	16833.406
235	66	21196.353917808217
235	67	14819.008753424658
235	68	8922.619224913497
235	69	7980.8913999999995
235	70	12996.310637362636
235	71	8227.447330434783
235	72	12403.564573953487
235	73	22480.82846153846
235	74	12140.779550666668
235	75	13396.725037037038
235	76	13841.901033333334
235	77	13435.99428
235	78	7655.637532903225
235	79	28897.828
235	80	7674.28698910891
235	81	18918.072130434783
236	1	15527.404
236	2	15514.082600273787
236	3	15523.574670929662
236	4	15490.80953251198
236	5	15527.404
236	6	15495.272138780918
237	2	30802.092
237	3	30802.092
237	4	30802.092
237	6	30802.092
239	1	1717.8292
239	2	1717.8292
239	3	1751.8239553846151
239	4	1717.8291999999997
239	5	1717.8292
239	6	1698.590985098039
239	7	1717.8292
239	8	1717.8292
239	9	1717.8291999999997
239	10	1717.8292
239	11	1717.8292
239	12	1717.8292
239	13	1717.8292
239	14	1717.8292
239	15	1717.8291999999997
239	16	1717.8292
239	17	1717.8292
239	18	1717.8292
239	19	1717.8292
239	20	1717.8291999999997
239	21	1717.8291999999997
239	22	1717.8292
239	23	1717.8291999999997
239	24	1717.8292
239	25	1717.8292
239	26	1717.8292
239	27	1737.3837053097343
239	28	1717.6938814569535
239	29	1717.8292
239	30	1717.8292
239	31	1689.7963725714285
239	32	1717.5208353474318
239	33	1717.8292
239	34	1717.8292
239	35	1717.8292
239	36	1717.8292
239	37	1717.8292
239	38	1717.8292
239	39	1717.8292
239	40	1717.620698979592
239	41	1813.9013347826087
239	42	1717.8292
239	43	1717.8292
239	44	1717.8292
239	45	1717.5287132352942
239	46	1717.8292
239	47	1717.8292
239	48	1717.8292
239	49	1717.8292
239	50	1717.8292
239	51	1717.8292
239	52	1717.8292
239	53	1717.8292
239	54	1717.8292
239	55	1717.8291999999997
239	56	1717.8291999999997
239	57	1717.8292
239	58	1799.668425925926
240	1	5732.58412173913
240	2	4808.461465346535
240	3	3457.4563262068964
240	4	5593.549188073394
240	5	10828.049738267147
240	6	9514.672165236052
240	7	4488.730285833332
240	8	7935.858451584508
240	9	4610.163495662101
240	10	4318.1817411764705
240	11	22454.605
240	12	8392.928721722114
240	13	5110.043827688787
240	14	5228.705401285347
240	15	6437.705271398747
240	16	6375.937113861386
240	17	7570.453400526315
240	18	8999.485223391814
240	19	4688.382084636119
240	20	5610.271
240	21	5011.1807754629635
240	22	3691.075973895582
240	23	4148.110792477876
240	24	4609.739559698276
240	25	4361.256869680851
240	26	7839.423267818575
240	27	4718.539099818512
241	1	111556.58990898484
241	2	18120.076
241	3	55699.91886274509
241	4	23092.265411764703
241	5	18120.076
241	6	23074.50742105263
241	7	21956.041352941174
241	8	13971.409999999998
242	1	36552.748640974445
242	2	30501.830625000002
242	3	38130.31223117961
242	4	28963.733110552766
244	1	43949.426
244	2	58027.072172455824
244	2	58022.657756659035
244	3	45263.487789765866
244	4	43036.349054563994
244	5	55766.69357145239
244	6	55481.164
244	7	70905.55731818182
244	8	52774.54246341463
244	9	92755.016
244	10	50114.79315337423
244	11	45581.8486219915
244	12	54503.90000000001
244	13	41901.355762721556
244	14	55052.09135545851
244	15	44602.01008858966
244	16	49901.801061787904
244	17	51176.96095798056
244	18	42435.848279373364
244	19	48564.36763985375
244	20	48192.28307494646
244	21	64131.10639793282
244	22	67321.71890207715
244	23	45564.81105301557
244	24	56105.47949167327
244	25	40782.33143205575
244	26	48300.22041196262
244	27	45971.755947173304
244	28	51926.593676677316
244	29	48442.203108473004
244	30	57389.28628756476
244	31	66941.40510204081
244	32	43736.918
244	33	63622.90683232979
244	34	45913.793817198486
244	35	56148.58220979899
244	36	47713.79139794817
244	37	46434.01543896805
244	38	47637.99192068965
244	39	53278.47005611673
244	40	55655.59751162791
244	41	42588.193859555555
244	42	51883.019209309496
244	43	45803.14165189467
244	44	49447.12638028769
244	45	42711.35714948453
244	46	52658.23990909091
244	47	57949.72799139072
244	48	55837.29306644518
244	49	42130.854672766414
244	50	50046.06933647229
244	51	58978.34
245	1	12210.557328358207
245	2	10383.66443478261
245	3	13558.675340659342
245	4	19624.03753488372
245	5	15952.314512048191
245	6	17681.79408108108
245	7	18399.82322
245	8	14801.4085
245	9	18065.59087671233
245	10	27936.957
245	11	16560.002978021977
245	12	11594.209878048781
245	13	17046.650503649635
245	14	16121.797987096776
245	15	13651.006537037038
245	16	13841.64182051282
245	17	15570.011170731708
245	18	15772.339156682026
245	19	15078.983915384615
246	1	4847.247
246	2	9251.795
246	3	4952.5027990384615
246	4	4301.2515
246	5	3402.9817
246	6	5640.718999999999
246	7	4208.744
246	8	3475.185171171171
246	9	9251.795
246	10	4301.2515
246	11	5888.632
246	12	3867.889
246	13	8969.386
246	14	7518.783000000001
247	1	2920.216
247	2	2920.216
247	3	2920.216
247	4	2920.216
247	5	2920.216
247	6	2920.216
249	1	6686.297
249	2	22541.736
249	3	13478.103
249	4	17430.635
249	5	12280.305
249	6	25345.842000000004
249	7	1663.1200000000001
249	8	9900.266
249	9	6459.723
249	10	11184.769479999999
249	11	14868.658
249	12	37794.555
249	13	1101.7578
249	14	8709.2295
249	15	36493.273
249	16	7218.5767
249	17	18950.371
249	18	11399.033
249	19	9031.845
249	20	7545.925
249	21	7989.283437209303
249	22	821.7531
249	23	14868.657999999998
249	24	875.1839
249	25	32949.93
250	1	4686.3384
250	2	10007.243
250	3	4610.642
250	4	4188.9717
250	5	4188.9717
250	6	3259.9326
250	7	6398.2519999999995
250	8	10007.243
250	9	4411.286
250	10	5682.987
250	11	5682.987
250	12	4003.9446
250	13	5759.714
250	14	4447.953
250	15	3922.537
250	16	4447.953
250	17	4849.096
250	18	5759.713999999999
250	19	3302.039268181818
250	20	6460.992
250	21	3593.1885
250	22	3321.7624999999994
250	23	6919.1177
250	24	6919.1177
250	25	3733.4033
250	26	10988.662
250	27	6919.117699999999
250	28	4528.1265
250	29	4528.1265
250	30	7262.5054
250	31	6460.992
250	32	6688.3066
250	33	7136.8003
250	34	3593.1885
250	35	3300.393283950618
250	36	5020.947
250	37	3317.4293614035087
250	38	4195.1094
250	39	6087.057
250	40	6919.1177
250	41	3733.4032999999995
250	42	6919.1177
250	43	4003.9445999999994
250	44	6919.1177
250	45	3980.9778
250	46	3873.2305
250	47	4686.3384
250	48	3782.3042
250	49	9342.434000000001
250	50	4489.483
250	51	6460.992
250	52	3166.5063
250	53	6388.25
250	54	3582.0390000000007
250	55	3922.537
250	56	4317.4053
250	57	3544.9863
250	58	5441.026
250	59	4530.1533
250	60	3321.7625
250	61	4530.1533
250	62	6919.1177
250	63	3259.9326
251	1	43441.58
253	1	7368.557192184724
253	2	6238.3237
253	3	6335.192004060914
253	4	7360.8564
254	1	3768.8599999999997
254	2	3768.8599999999997
254	3	3768.86
254	4	3768.86
254	5	3768.86
254	6	7909.957016563147
254	7	4372.116441947565
254	8	3768.86
254	9	3768.86
254	10	3768.86
254	11	3768.8600000000006
254	12	4936.890902511079
254	13	3768.86
254	14	3768.86
254	15	3768.8600000000006
254	16	3768.86
254	17	3768.86
254	18	6869.867533333333
254	19	3768.86
254	20	3768.86
254	21	3768.86
255	1	3654.972161771479
255	2	3649.872776157895
255	3	3652.7629914332783
255	4	3627.8554451525424
255	5	3646.614340225564
255	6	3656.7319593203883
255	7	3657.5593
255	8	3657.5593
255	9	3653.807712952381
255	10	3663.91481744186
256	1	1687.9761000000003
256	2	1687.9761000000003
256	3	1678.2049333333334
256	4	1685.2853111428572
256	5	1683.219655050505
256	6	1690.7897902857144
256	7	1683.9867560906516
256	8	1718.5216765086207
256	9	1781.657245043732
256	10	1687.9761
