"ADM1_id","rs"
"1",31
"2",6
"3",23
"4",7
"5",23
"6",23
"7",7
"8",6
"9",23
"10",23
"11",7
"12",6
"13",5
"14",6
"15",7
"16",6
"17",6
"18",9
"19",5
"20",6
"21",6
"22",5
"23",7
"24",23
"25",6
"26",19
"27",31
"28",23
"29",6
"30",23
"31",6
"32",6
"33",23
"34",6
"35",12
"36",5
"37",19
"38",32
"39",32
"40",32
"41",32
"42",32
"43",32
"44",32
"45",19
"46",32
"47",32
"48",32
"49",32
"50",32
"51",32
"52",32
"53",12
"54",10
"55",12
"56",12
"57",12
"58",13
"59",13
"60",10
"61",12
"62",10
"63",12
"64",12
"65",12
"66",5
"67",7
"68",12
"69",12
"70",7
"71",12
"72",6
"73",7
"74",12
"75",12
"76",12
"77",12
"78",12
"79",12
"80",6
"81",7
"82",7
"83",12
"84",7
"85",12
"86",7
"87",12
"88",6
"89",7
"90",6
"91",12
"92",6
"93",12
"94",5
"95",8
"96",5
"97",7
"98",12
"99",5
"100",12
"101",6
"102",12
"103",12
"104",12
"105",6
"106",7
"107",6
"108",7
"109",12
"110",12
"111",12
"112",12
"113",32
"114",32
"115",32
"116",32
"117",10
"118",11
"119",11
"120",11
"121",10
"122",11
"123",10
"124",4
"125",16
"126",15
"127",4
"128",15
"129",4
"130",16
"131",5
"132",15
"133",16
"134",5
"135",4
"136",4
"137",4
"138",4
"139",7
"140",4
"141",4
"142",32
"143",32
"144",2
"145",2
"146",2
"147",2
"148",2
"149",2
"150",9
"151",15
"152",31
"153",9
"154",6
"155",9
"156",9
"157",9
"158",9
"159",31
"160",6
"161",5
"162",6
"163",9
"164",13
"165",6
"166",15
"167",8
"168",15
"169",6
"170",9
"171",15
"172",31
"173",15
"174",19
"175",6
"176",6
"177",18
"178",19
"179",19
"180",19
"181",19
"182",19
"183",19
"184",19
"185",32
"186",10
"187",32
"188",10
"189",9
"190",7
"191",5
"192",7
"193",10
"194",10
"195",7
"196",10
"197",10
"198",10
"199",10
"200",10
"201",20
"202",10
"203",31
"204",10
"205",10
"206",10
"207",6
"208",6
"209",9
"210",6
"211",19
"212",12
"213",6
"214",6
"215",9
"216",6
"217",32
"218",4
"219",32
"220",32
"221",32
"222",4
"223",4
"224",32
"225",4
"226",32
"227",4
"228",32
"229",4
"230",32
"231",4
"232",4
"233",32
"234",4
"235",32
"236",4
"237",4
"238",4
"239",4
"240",32
"241",32
"242",32
"243",32
"244",4
"245",4
"246",32
"247",32
"248",4
"249",7
"250",7
"251",7
"252",7
"253",7
"254",2
"255",2
"256",4
"257",4
"258",4
"259",4
"260",15
"261",32
"262",32
"263",32
"264",32
"265",32
"266",32
"267",32
"268",32
"269",32
"270",32
"271",32
"272",19
"273",19
"274",19
"275",19
"276",19
"277",19
"278",10
"279",10
"280",10
"281",2
"282",2
"283",4
"284",2
"285",2
"286",2
"287",4
"288",4
"289",4
"290",4
"291",4
"292",4
"293",4
"294",4
"295",4
"296",4
"297",4
"298",4
"299",32
"300",32
"301",32
"302",32
"303",32
"304",32
"305",32
"306",32
"307",32
"308",32
"309",32
"310",16
"311",16
"312",16
"313",31
"314",16
"315",16
"316",15
"317",16
"318",15
"319",16
"320",15
"321",15
"322",15
"323",31
"324",16
"325",16
"326",15
"327",16
"328",16
"329",15
"330",5
"331",16
"332",4
"333",2
"334",6
"335",4
"336",8
"337",4
"338",15
"339",32
"340",32
"341",32
"342",9
"343",10
"344",10
"345",5
"346",5
"347",5
"348",5
"349",5
"350",5
"351",7
"352",5
"353",5
"354",5
"355",5
"356",5
"357",5
"358",5
"359",5
"360",5
"361",2
"362",3
"363",2
"364",1
"365",5
"366",4
"367",4
"368",4
"369",4
"370",4
"371",4
"372",4
"373",4
"374",2
"375",4
"376",9
"377",5
"378",4
"379",4
"380",3
"381",9
"382",4
"383",1
"384",4
"385",9
"386",3
"387",4
"388",32
"389",32
"390",32
"391",32
"392",32
"393",1
"394",1
"395",1
"396",1
"397",10
"398",9
"399",9
"400",10
"401",10
"402",9
"403",13
"404",10
"405",9
"406",9
"407",10
"408",10
"409",9
"410",9
"411",9
"412",9
"413",9
"414",9
"415",9
"416",10
"417",10
"418",9
"419",9
"420",9
"421",9
"422",9
"423",9
"424",9
"425",5
"426",4
"427",4
"428",5
"429",5
"430",4
"431",5
"432",5
"433",4
"434",5
"435",5
"436",5
"437",4
"438",4
"439",5
"440",5
"441",16
"442",4
"443",4
"444",4
"445",4
"446",4
"447",4
"448",4
"449",16
"450",4
"451",16
"452",4
"453",4
"454",4
"455",4
"456",4
"457",4
"458",4
"459",4
"460",4
"461",4
"462",4
"463",2
"464",4
"465",4
"466",4
"467",2
"468",4
"469",4
"470",4
"471",4
"472",4
"473",4
"474",4
"475",4
"476",4
"477",4
"478",4
"479",4
"480",4
"481",4
"482",4
"483",5
"484",2
"485",4
"486",4
"487",4
"488",2
"489",4
"490",20
"491",20
"492",20
"493",19
"494",20
"495",20
"496",19
"497",31
"498",31
"499",31
"500",19
"501",19
"502",20
"503",20
"504",20
"505",32
"506",32
"507",32
"508",32
"509",32
"510",32
"511",32
"512",32
"513",32
"514",32
"515",32
"516",32
"517",32
"518",32
"519",32
"520",32
"521",32
"522",32
"523",32
"524",32
"525",32
"526",32
"527",32
"528",32
"529",32
"530",32
"531",32
"532",32
"533",32
"534",4
"535",4
"536",4
"537",4
"538",4
"539",4
"540",4
"541",4
"542",4
"543",4
"544",4
"545",4
"546",4
"547",4
"548",4
"549",4
"550",5
"551",7
"552",7
"553",7
"554",5
"555",7
"556",7
"557",5
"558",5
"559",7
"560",7
"561",4
"562",4
"563",4
"564",5
"565",4
"566",4
"567",5
"568",5
"569",5
"570",4
"571",7
"572",5
"573",7
"574",11
"575",8
"576",13
"577",31
"578",8
"579",13
"580",8
"581",13
"582",10
"583",10
"584",31
"585",31
"586",13
"587",13
"588",8
"589",13
"590",9
"591",6
"592",9
"593",9
"594",8
"595",9
"596",15
"597",9
"598",4
"599",6
"600",27
"601",15
"602",9
"603",9
"604",9
"605",9
"606",26
"607",26
"608",6
"609",6
"610",31
"611",6
"612",15
"613",9
"614",6
"615",15
"616",6
"617",8
"618",31
"619",16
"620",9
"621",1
"622",1
"623",4
"624",4
"625",4
"626",10
"627",4
"628",1
"629",1
"630",2
"631",1
"632",4
"633",1
"634",10
"635",1
"636",1
"637",10
"638",4
"639",4
"640",2
"641",1
"642",1
"643",1
"644",1
"645",1
"646",32
"647",1
"648",4
"649",10
"650",1
"651",1
"652",2
"653",32
"654",1
"655",32
"656",1
"657",1
"658",4
"659",1
"660",1
"661",1
"662",2
"663",4
"664",4
"665",4
"666",4
"667",4
"668",4
"669",4
"670",4
"671",4
"672",4
"673",4
"674",4
"675",4
"676",4
"677",12
"678",10
"679",9
"680",12
"681",9
"682",9
"683",10
"684",10
"685",10
"686",10
"687",10
"688",9
"689",10
"690",10
"691",9
"692",12
"693",10
"694",9
"695",9
"696",12
"697",9
"698",4
"699",4
"700",4
"701",2
"702",4
"703",4
"704",4
"705",4
"706",2
"707",4
"708",4
"709",4
"710",4
"711",4
"712",4
"713",4
"714",5
"715",12
"716",12
"717",12
"718",12
"719",10
"720",10
"721",10
"722",10
"723",10
"724",10
"725",10
"726",10
"727",10
"728",10
"729",10
"730",10
"731",10
"732",10
"733",1
"734",4
"735",4
"736",4
"737",4
"738",4
"739",4
"740",4
"741",1
"742",10
"743",10
"744",10
"745",10
"746",10
"747",7
"748",7
"749",7
"750",7
"751",7
"752",4
"753",4
"754",4
"755",4
"756",2
"757",1
"758",1
"759",1
"760",1
"761",4
"762",2
"763",4
"764",2
"765",10
"766",1
"767",1
"768",4
"769",1
"770",4
"771",4
"772",1
"773",1
"774",1
"775",1
"776",1
"777",1
"778",4
"779",2
"780",4
"781",1
"782",2
"783",4
"784",1
"785",1
"786",1
"787",1
"788",1
"789",1
"790",1
"791",1
"792",1
"793",1
"794",10
"795",16
"796",31
"797",10
"798",31
"799",31
"800",5
"801",2
"802",32
"803",4
"804",13
"805",10
"806",4
"807",4
"808",1
"809",1
"810",1
"811",1
"812",10
"813",4
"814",2
"815",1
"816",10
"817",10
"818",7
"819",7
"820",7
"821",7
"822",7
"823",7
"824",7
"825",7
"826",7
"827",7
"828",7
"829",7
"830",7
"831",7
"832",7
"833",7
"834",7
"835",7
"836",7
"837",7
"838",7
"839",7
"840",7
"841",7
"842",7
"843",7
"844",7
"845",7
"846",4
"847",4
"848",4
"849",4
"850",4
"851",4
"852",4
"853",4
"854",4
"855",4
"856",4
"857",4
"858",4
"859",4
"860",32
"861",2
"862",2
"863",2
"864",2
"865",2
"866",2
"867",10
"868",7
"869",7
"870",7
"871",5
"872",7
"873",19
"874",19
"875",19
"876",19
"877",19
"878",19
"879",19
"880",19
"881",19
"882",19
"883",19
"884",10
"885",19
"886",19
"887",19
"888",19
"889",16
"890",5
"891",16
"892",4
"893",4
"894",4
"895",5
"896",4
"897",7
"898",4
"899",4
"900",11
"901",11
"902",11
"903",11
"904",11
"905",11
"906",1
"907",32
"908",32
"909",32
"910",1
"911",20
"912",20
"913",20
"914",19
"915",20
"916",10
"917",10
"918",10
"919",10
"920",10
"921",10
"922",10
"923",10
"924",10
"925",13
"926",10
"927",10
"928",12
"929",10
"930",10
"931",9
"932",10
"933",10
"934",10
"935",10
"936",12
"937",10
"938",2
"939",2
"940",32
"941",32
"942",32
"943",32
"944",32
"945",32
"946",32
"947",32
"948",32
"949",2
"950",4
"951",4
"952",4
"953",4
"954",3
"955",4
"956",4
"957",2
"958",3
"959",5
"960",5
"961",5
"962",5
"963",3
"964",9
"965",19
"966",9
"967",9
"968",9
"969",19
"970",19
"971",19
"972",9
"973",19
"974",19
"975",9
"976",10
"977",10
"978",10
"979",10
"980",10
"981",10
"982",10
"983",10
"984",10
"985",10
"986",10
"987",10
"988",10
"989",10
"990",10
"991",10
"992",4
"993",4
"994",4
"995",4
"996",4
"997",4
"998",4
"999",4
"1000",4
"1001",4
"1002",12
"1003",12
"1004",12
"1005",12
"1006",12
"1007",12
"1008",12
"1009",12
"1010",31
"1011",30
"1012",30
"1013",31
"1014",30
"1015",32
"1016",32
"1017",32
"1018",32
"1019",32
"1020",32
"1021",32
"1022",2
"1023",2
"1024",32
"1025",32
"1026",32
"1027",32
"1028",32
"1029",32
"1030",32
"1031",32
"1032",32
"1033",32
"1034",32
"1035",32
"1036",32
"1037",32
"1038",32
"1039",32
"1040",32
"1041",32
"1042",32
"1043",1
"1044",10
"1045",16
"1046",4
"1047",4
"1048",4
"1049",4
"1050",10
"1051",1
"1052",4
"1053",4
"1054",2
"1055",16
"1056",10
"1057",4
"1058",16
"1059",16
"1060",4
"1061",16
"1062",4
"1063",16
"1064",4
"1065",10
"1066",10
"1067",10
"1068",10
"1069",10
"1070",10
"1071",10
"1072",10
"1073",10
"1074",10
"1075",10
"1076",10
"1077",10
"1078",10
"1079",10
"1080",4
"1081",4
"1082",4
"1083",4
"1084",4
"1085",4
"1086",4
"1087",4
"1088",4
"1089",4
"1090",2
"1091",4
"1092",4
"1093",4
"1094",4
"1095",4
"1096",4
"1097",1
"1098",1
"1099",1
"1100",1
"1101",1
"1102",1
"1103",1
"1104",1
"1105",1
"1106",2
"1107",4
"1108",1
"1109",1
"1110",1
"1111",1
"1112",1
"1113",1
"1114",4
"1115",4
"1116",1
"1117",2
"1118",4
"1119",2
"1120",4
"1121",4
"1122",2
"1123",4
"1124",4
"1125",2
"1126",4
"1127",2
"1128",4
"1129",4
"1130",4
"1131",4
"1132",2
"1133",4
"1134",3
"1135",15
"1136",15
"1137",15
"1138",15
"1139",15
"1140",15
"1141",15
"1142",15
"1143",15
"1144",15
"1145",15
"1146",15
"1147",15
"1148",15
"1149",15
"1150",15
"1151",15
"1152",15
"1153",10
"1154",10
"1155",10
"1156",10
"1157",10
"1158",9
"1159",10
"1160",10
"1161",10
"1162",10
"1163",10
"1164",10
"1165",10
"1166",10
"1167",10
"1168",10
"1169",10
"1170",10
"1171",10
"1172",10
"1173",31
"1174",31
"1175",11
"1176",31
"1177",11
"1178",11
"1179",31
"1180",31
"1181",2
"1182",4
"1183",15
"1184",15
"1185",15
"1186",15
"1187",4
"1188",4
"1189",4
"1190",2
"1191",5
"1192",5
"1193",15
"1194",31
"1195",15
"1196",5
"1197",2
"1198",32
"1199",12
"1200",4
"1201",15
"1202",15
"1203",15
"1204",15
"1205",5
"1206",4
"1207",4
"1208",5
"1209",7
"1210",31
"1211",4
"1212",4
"1213",4
"1214",15
"1215",15
"1216",15
"1217",4
"1218",1
"1219",2
"1220",1
"1221",1
"1222",1
"1223",1
"1224",1
"1225",1
"1226",1
"1227",1
"1228",2
"1229",2
"1230",1
"1231",1
"1232",1
"1233",1
"1234",1
"1235",1
"1236",1
"1237",1
"1238",1
"1239",4
"1240",4
"1241",1
"1242",1
"1243",1
"1244",1
"1245",1
"1246",2
"1247",1
"1248",1
"1249",1
"1250",1
"1251",2
"1252",6
"1253",6
"1254",5
"1255",12
"1256",6
"1257",7
"1258",12
"1259",12
"1260",5
"1261",12
"1262",7
"1263",12
"1264",7
"1265",12
"1266",7
"1267",12
"1268",12
"1269",12
"1270",6
"1271",12
"1272",6
"1273",22
"1274",7
"1275",6
"1276",7
"1277",7
"1278",7
"1279",6
"1280",6
"1281",7
"1282",6
"1283",7
"1284",7
"1285",7
"1286",7
"1287",7
"1288",12
"1289",12
"1290",5
"1291",7
"1292",7
"1293",7
"1294",12
"1295",5
"1296",7
"1297",7
"1298",5
"1299",5
"1300",7
"1301",10
"1302",10
"1303",10
"1304",10
"1305",10
"1306",10
"1307",10
"1308",10
"1309",10
"1310",10
"1311",10
"1312",10
"1313",10
"1314",10
"1315",10
"1316",10
"1317",10
"1318",10
"1319",10
"1320",10
"1321",10
"1322",10
"1323",10
"1324",10
"1325",10
"1326",10
"1327",10
"1328",10
"1329",10
"1330",10
"1331",10
"1332",10
"1333",12
"1334",7
"1335",12
"1336",12
"1337",12
"1338",12
"1339",12
"1340",10
"1341",12
"1342",12
"1343",12
"1344",12
"1345",9
"1346",10
"1347",12
"1348",12
"1349",9
"1350",9
"1351",9
"1352",9
"1353",12
"1354",12
"1355",12
"1356",31
"1357",12
"1358",31
"1359",9
"1360",2
"1361",2
"1362",2
"1363",2
"1364",1
"1365",1
"1366",1
"1367",2
"1368",2
"1369",2
"1370",1
"1371",1
"1372",2
"1373",2
"1374",9
"1375",9
"1376",9
"1377",9
"1378",9
"1379",9
"1380",9
"1381",9
"1382",9
"1383",9
"1384",9
"1385",19
"1386",9
"1387",9
"1388",9
"1389",19
"1390",9
"1391",9
"1392",9
"1393",9
"1394",9
"1395",9
"1396",9
"1397",9
"1398",9
"1399",19
"1400",9
"1401",9
"1402",9
"1403",9
"1404",9
"1405",32
"1406",9
"1407",9
"1408",9
"1409",9
"1410",9
"1411",9
"1412",9
"1413",9
"1414",9
"1415",9
"1416",9
"1417",9
"1418",9
"1419",9
"1420",19
"1421",10
"1422",10
"1423",10
"1424",10
"1425",10
"1426",10
"1427",10
"1428",10
"1429",10
"1430",10
"1431",10
"1432",10
"1433",12
"1434",7
"1435",7
"1436",5
"1437",12
"1438",12
"1439",6
"1440",7
"1441",6
"1442",7
"1443",6
"1444",7
"1445",6
"1446",19
"1447",6
"1448",6
"1449",19
"1450",8
"1451",19
"1452",19
"1453",6
"1454",19
"1455",8
"1456",6
"1457",6
"1458",6
"1459",4
"1460",10
"1461",2
"1462",1
"1463",10
"1464",4
"1465",5
"1466",1
"1467",5
"1468",5
"1469",1
"1470",10
"1471",10
"1472",3
"1473",4
"1474",1
"1475",1
"1476",5
"1477",3
"1478",10
"1479",3
"1480",4
"1481",5
"1482",7
"1483",5
"1484",3
"1485",4
"1486",3
"1487",10
"1488",10
"1489",10
"1490",10
"1491",10
"1492",10
"1493",10
"1494",10
"1495",5
"1496",1
"1497",5
"1498",5
"1499",4
"1500",10
"1501",5
"1502",10
"1503",1
"1504",5
"1505",4
"1506",10
"1507",10
"1508",10
"1509",9
"1510",10
"1511",10
"1512",10
"1513",7
"1514",7
"1515",7
"1516",7
"1517",7
"1518",7
"1519",6
"1520",18
"1521",20
"1522",23
"1523",20
"1524",6
"1525",23
"1526",20
"1527",31
"1528",4
"1529",4
"1530",2
"1531",4
"1532",15
"1533",2
"1534",15
"1535",4
"1536",15
"1537",15
"1538",4
"1539",4
"1540",4
"1541",4
"1542",2
"1543",4
"1544",15
"1545",15
"1546",10
"1547",19
"1548",19
"1549",19
"1550",19
"1551",12
"1552",13
"1553",12
"1554",12
"1555",12
"1556",12
"1557",12
"1558",12
"1559",16
"1560",16
"1561",16
"1562",16
"1563",16
"1564",16
"1565",16
"1566",16
"1567",16
"1568",16
"1569",2
"1570",2
"1571",2
"1572",2
"1573",2
"1574",2
"1575",2
"1576",2
"1577",2
"1578",2
"1579",2
"1580",4
"1581",2
"1582",2
"1583",2
"1584",7
"1585",12
"1586",7
"1587",5
"1588",7
"1589",7
"1590",5
"1591",5
"1592",7
"1593",7
"1594",5
"1595",5
"1596",5
"1597",7
"1598",7
"1599",7
"1600",7
"1601",7
"1602",7
"1603",5
"1604",7
"1605",7
"1606",10
"1607",10
"1608",10
"1609",10
"1610",10
"1611",10
"1612",10
"1613",10
"1614",10
"1615",10
"1616",10
"1617",19
"1618",19
"1619",19
"1620",10
"1621",19
"1622",19
"1623",10
"1624",10
"1625",19
"1626",19
"1627",10
"1628",10
"1629",10
"1630",15
"1631",15
"1632",9
"1633",9
"1634",10
"1635",9
"1636",9
"1637",9
"1638",9
"1639",10
"1640",9
"1641",10
"1642",10
"1643",9
"1644",19
"1645",9
"1646",10
"1647",9
"1648",13
"1649",9
"1650",13
"1651",13
"1652",10
"1653",10
"1654",9
"1655",10
"1656",13
"1657",9
"1658",9
"1659",9
"1660",19
"1661",9
"1662",9
"1663",10
"1664",9
"1665",10
"1666",10
"1667",10
"1668",9
"1669",10
"1670",10
"1671",9
"1672",10
"1673",9
"1674",10
"1675",9
"1676",12
"1677",10
"1678",9
"1679",10
"1680",10
"1681",19
"1682",9
"1683",9
"1684",10
"1685",10
"1686",13
"1687",10
"1688",10
"1689",9
"1690",10
"1691",10
"1692",9
"1693",9
"1694",10
"1695",10
"1696",9
"1697",10
"1698",10
"1699",9
"1700",9
"1701",13
"1702",9
"1703",19
"1704",9
"1705",9
"1706",20
"1707",9
"1708",9
"1709",9
"1710",10
"1711",10
"1712",10
"1713",10
"1714",13
"1715",9
"1716",10
"1717",16
"1718",4
"1719",15
"1720",4
"1721",1
"1722",4
"1723",4
"1724",4
"1725",4
"1726",15
"1727",15
"1728",15
"1729",15
"1730",4
"1731",15
"1732",4
"1733",15
"1734",4
"1735",4
"1736",15
"1737",15
"1738",4
"1739",15
"1740",4
"1741",4
"1742",4
"1743",4
"1744",4
"1745",15
"1746",15
"1747",15
"1748",4
"1749",4
"1750",4
"1751",1
"1752",1
"1753",1
"1754",1
"1755",1
"1756",1
"1757",1
"1758",1
"1759",1
"1760",2
"1761",1
"1762",1
"1763",1
"1764",1
"1765",1
"1766",1
"1767",4
"1768",7
"1769",5
"1770",7
"1771",5
"1772",7
"1773",5
"1774",4
"1775",7
"1776",32
"1777",32
"1778",32
"1779",32
"1780",7
"1781",7
"1782",7
"1783",7
"1784",7
"1785",5
"1786",7
"1787",7
"1788",7
"1789",7
"1790",7
"1791",7
"1792",7
"1793",32
"1794",32
"1795",32
"1796",32
"1797",32
"1798",32
"1799",32
"1800",32
"1801",32
"1802",32
"1803",32
"1804",32
"1805",32
"1806",32
"1807",32
"1808",32
"1809",32
"1810",32
"1811",32
"1812",32
"1813",32
"1814",32
"1815",32
"1816",32
"1817",32
"1818",32
"1819",32
"1820",32
"1821",32
"1822",5
"1823",7
"1824",7
"1825",4
"1826",4
"1827",7
"1828",7
"1829",5
"1830",16
"1831",13
"1832",5
"1833",4
"1834",10
"1835",5
"1836",16
"1837",5
"1838",5
"1839",3
"1840",5
"1841",16
"1842",16
"1843",5
"1844",4
"1845",6
"1846",5
"1847",5
"1848",2
"1849",5
"1850",16
"1851",2
"1852",4
"1853",6
"1854",32
"1855",32
"1856",32
"1857",32
"1858",9
"1859",10
"1860",9
"1861",9
"1862",9
"1863",9
"1864",9
"1865",9
"1866",10
"1867",9
"1868",9
"1869",9
"1870",9
"1871",9
"1872",9
"1873",9
"1874",9
"1875",9
"1876",9
"1877",9
"1878",9
"1879",9
"1880",9
"1881",9
"1882",9
"1883",10
"1884",9
"1885",9
"1886",9
"1887",10
"1888",9
"1889",9
"1890",9
"1891",9
"1892",9
"1893",9
"1894",9
"1895",8
"1896",6
"1897",28
"1898",6
"1899",8
"1900",28
"1901",27
"1902",6
"1903",8
"1904",8
"1905",28
"1906",8
"1907",6
"1908",28
"1909",28
"1910",8
"1911",28
"1912",6
"1913",28
"1914",6
"1915",28
"1916",6
"1917",19
"1918",19
"1919",19
"1920",12
"1921",19
"1922",10
"1923",10
"1924",10
"1925",10
"1926",12
"1927",19
"1928",10
"1929",19
"1930",10
"1931",19
"1932",10
"1933",10
"1934",12
"1935",19
"1936",12
"1937",12
"1938",2
"1939",2
"1940",2
"1941",12
"1942",5
"1943",12
"1944",12
"1945",12
"1946",7
"1947",7
"1948",5
"1949",7
"1950",8
"1951",12
"1952",7
"1953",12
"1954",12
"1955",12
"1956",4
"1957",5
"1958",5
"1959",4
"1960",4
"1961",5
"1962",4
"1963",4
"1964",4
"1965",4
"1966",4
"1967",2
"1968",4
"1969",16
"1970",15
"1971",4
"1972",2
"1973",4
"1974",4
"1975",2
"1976",4
"1977",2
"1978",15
"1979",15
"1980",2
"1981",2
"1982",7
"1983",7
"1984",7
"1985",5
"1986",7
"1987",8
"1988",5
"1989",7
"1990",5
"1991",5
"1992",5
"1993",5
"1994",5
"1995",32
"1996",32
"1997",32
"1998",32
"1999",32
"2000",32
"2001",32
"2002",32
"2003",32
"2004",32
"2005",32
"2006",32
"2007",32
"2008",32
"2009",15
"2010",15
"2011",15
"2012",15
"2013",15
"2014",10
"2015",10
"2016",10
"2017",10
"2018",10
"2019",10
"2020",10
"2021",10
"2022",10
"2023",10
"2024",10
"2025",10
"2026",10
"2027",10
"2028",1
"2029",2
"2030",4
"2031",10
"2032",10
"2033",10
"2034",32
"2035",10
"2036",10
"2037",10
"2038",10
"2039",10
"2040",10
"2041",10
"2042",10
"2043",10
"2044",10
"2045",10
"2046",10
"2047",2
"2048",2
"2049",4
"2050",4
"2051",4
"2052",4
"2053",4
"2054",4
"2055",2
"2056",4
"2057",4
"2058",4
"2059",4
"2060",4
"2061",4
"2062",4
"2063",2
"2064",4
"2065",7
"2066",7
"2067",5
"2068",7
"2069",5
"2070",7
"2071",7
"2072",7
"2073",2
"2074",4
"2075",2
"2076",4
"2077",4
"2078",2
"2079",4
"2080",5
"2081",2
"2082",2
"2083",4
"2084",4
"2085",4
"2086",4
"2087",4
"2088",4
"2089",2
"2090",5
"2091",4
"2092",4
"2093",5
"2094",4
"2095",4
"2096",4
"2097",4
"2098",4
"2099",4
"2100",4
"2101",4
"2102",4
"2103",4
"2104",4
"2105",2
"2106",5
"2107",4
"2108",5
"2109",4
"2110",27
"2111",27
"2112",27
"2113",26
"2114",26
"2115",26
"2116",26
"2117",19
"2118",26
"2119",26
"2120",26
"2121",27
"2122",28
"2123",26
"2124",12
"2125",5
"2126",12
"2127",5
"2128",12
"2129",32
"2130",32
"2131",32
"2132",32
"2133",10
"2134",19
"2135",20
"2136",20
"2137",20
"2138",20
"2139",20
"2140",20
"2141",20
"2142",20
"2143",20
"2144",19
"2145",10
"2146",20
"2147",20
"2148",20
"2149",20
"2150",10
"2151",10
"2152",7
"2153",7
"2154",7
"2155",7
"2156",7
"2157",7
"2158",7
"2159",7
"2160",7
"2161",7
"2162",7
"2163",15
"2164",7
"2165",5
"2166",15
"2167",9
"2168",31
"2169",7
"2170",7
"2171",32
"2172",32
"2173",32
"2174",32
"2175",32
"2176",32
"2177",32
"2178",32
"2179",32
"2180",32
"2181",32
"2182",32
"2183",32
"2184",32
"2185",32
"2186",32
"2187",5
"2188",12
"2189",1
"2190",2
"2191",4
"2192",2
"2193",1
"2194",1
"2195",4
"2196",2
"2197",4
"2198",2
"2199",2
"2200",2
"2201",4
"2202",1
"2203",1
"2204",1
"2205",1
"2206",1
"2207",1
"2208",10
"2209",1
"2210",1
"2211",1
"2212",1
"2213",1
"2214",1
"2215",1
"2216",2
"2217",1
"2218",1
"2219",1
"2220",1
"2221",1
"2222",10
"2223",1
"2224",1
"2225",9
"2226",4
"2227",9
"2228",2
"2229",9
"2230",5
"2231",9
"2232",9
"2233",9
"2234",9
"2235",4
"2236",9
"2237",9
"2238",9
"2239",9
"2240",9
"2241",4
"2242",9
"2243",1
"2244",31
"2245",31
"2246",31
"2247",31
"2248",10
"2249",7
"2250",31
"2251",1
"2252",31
"2253",7
"2254",31
"2255",7
"2256",7
"2257",7
"2258",31
"2259",1
"2260",1
"2261",31
"2262",1
"2263",7
"2264",31
"2265",1
"2266",7
"2267",5
"2268",2
"2269",2
"2270",1
"2271",1
"2272",1
"2273",1
"2274",2
"2275",2
"2276",1
"2277",1
"2278",2
"2279",32
"2280",2
"2281",16
"2282",1
"2283",1
"2284",1
"2285",2
"2286",4
"2287",1
"2288",1
"2289",1
"2290",1
"2291",1
"2292",2
"2293",1
"2294",1
"2295",1
"2296",1
"2297",1
"2298",1
"2299",1
"2300",2
"2301",2
"2302",2
"2303",2
"2304",2
"2305",1
"2306",2
"2307",2
"2308",1
"2309",1
"2310",1
"2311",1
"2312",1
"2313",1
"2314",1
"2315",2
"2316",1
"2317",1
"2318",2
"2319",2
"2320",2
"2321",1
"2322",1
"2323",2
"2324",2
"2325",2
"2326",2
"2327",2
"2328",4
"2329",2
"2330",1
"2331",1
"2332",1
"2333",1
"2334",1
"2335",1
"2336",1
"2337",1
"2338",1
"2339",1
"2340",1
"2341",32
"2342",1
"2343",1
"2344",4
"2345",32
"2346",2
"2347",1
"2348",1
"2349",1
"2350",10
"2351",10
"2352",10
"2353",10
"2354",10
"2355",10
"2356",10
"2357",10
"2358",10
"2359",10
"2360",10
"2361",10
"2362",10
"2363",10
"2364",10
"2365",10
"2366",12
"2367",13
"2368",32
"2369",12
"2370",13
"2371",12
"2372",12
"2373",12
"2374",12
"2375",13
"2376",12
"2377",12
"2378",32
"2379",12
"2380",13
"2381",12
"2382",12
"2383",13
"2384",13
"2385",13
"2386",2
"2387",1
"2388",2
"2389",2
"2390",1
"2391",1
"2392",1
"2393",2
"2394",2
"2395",1
"2396",1
"2397",2
"2398",1
"2399",2
"2400",1
"2401",1
"2402",1
"2403",1
"2404",1
"2405",1
"2406",1
"2407",1
"2408",1
"2409",1
"2410",32
"2411",1
"2412",1
"2413",1
"2414",4
"2415",1
"2416",2
"2417",1
"2418",1
"2419",1
"2420",2
"2421",1
"2422",2
"2423",1
"2424",2
"2425",1
"2426",2
"2427",1
"2428",2
"2429",1
"2430",1
"2431",1
"2432",1
"2433",1
"2434",1
"2435",2
"2436",2
"2437",1
"2438",1
"2439",1
"2440",1
"2441",1
"2442",2
"2443",2
"2444",2
"2445",1
"2446",2
"2447",2
"2448",2
"2449",2
"2450",1
"2451",1
"2452",2
"2453",4
"2454",1
"2455",1
"2456",1
"2457",1
"2458",1
"2459",1
"2460",1
"2461",1
"2462",1
"2463",1
"2464",7
"2465",7
"2466",7
"2467",7
"2468",7
"2469",7
"2470",7
"2471",4
"2472",4
"2473",4
"2474",4
"2475",4
"2476",4
"2477",2
"2478",4
"2479",4
"2480",4
"2481",4
"2482",2
"2483",32
"2484",32
"2485",32
"2486",32
"2487",10
"2488",10
"2489",10
"2490",19
"2491",10
"2492",19
"2493",9
"2494",19
"2495",9
"2496",9
"2497",9
"2498",9
"2499",10
"2500",10
"2501",9
"2502",19
"2503",9
"2504",9
"2505",9
"2506",9
"2507",10
"2508",19
"2509",10
"2510",9
"2511",9
"2512",9
"2513",19
"2514",9
"2515",19
"2516",19
"2517",9
"2518",10
"2519",10
"2520",10
"2521",10
"2522",19
"2523",9
"2524",9
"2525",9
"2526",10
"2527",10
"2528",19
"2529",9
"2530",19
"2531",28
"2532",20
"2533",6
"2534",19
"2535",19
"2536",19
"2537",28
"2538",9
"2539",19
"2540",31
"2541",19
"2542",19
"2543",6
"2544",20
"2545",9
"2546",20
"2547",19
"2548",9
"2549",10
"2550",6
"2551",19
"2552",20
"2553",19
"2554",20
"2555",19
"2556",28
"2557",20
"2558",20
"2559",19
"2560",20
"2561",19
"2562",9
"2563",20
"2564",19
"2565",19
"2566",19
"2567",19
"2568",20
"2569",19
"2570",19
"2571",19
"2572",19
"2573",20
"2574",20
"2575",19
"2576",9
"2577",19
"2578",19
"2579",19
"2580",19
"2581",19
"2582",19
"2583",20
"2584",27
"2585",19
"2586",18
"2587",19
"2588",19
"2589",20
"2590",19
"2591",18
"2592",19
"2593",9
"2594",19
"2595",19
"2596",19
"2597",19
"2598",19
"2599",20
"2600",19
"2601",28
"2602",19
"2603",19
"2604",19
"2605",19
"2606",19
"2607",18
"2608",19
"2609",19
"2610",20
"2611",19
"2612",27
"2613",28
"2614",10
"2615",4
"2616",4
"2617",4
"2618",4
"2619",32
"2620",32
"2621",32
"2622",32
"2623",32
"2624",32
"2625",32
"2626",32
"2627",32
"2628",32
"2629",32
"2630",32
"2631",32
"2632",32
"2633",32
"2634",32
"2635",32
"2636",32
"2637",32
"2638",32
"2639",32
"2640",32
"2641",32
"2642",32
"2643",32
"2644",32
"2645",32
"2646",19
"2647",19
"2648",32
"2649",32
"2650",32
"2651",32
"2652",32
"2653",32
"2654",32
"2655",32
"2656",32
"2657",32
"2658",32
"2659",32
"2660",32
"2661",32
"2662",32
"2663",32
"2664",32
"2665",9
"2666",9
"2667",10
"2668",9
"2669",9
"2670",10
"2671",10
"2672",9
"2673",9
"2674",32
"2675",3
"2676",7
"2677",7
"2678",7
"2679",7
"2680",7
"2681",7
"2682",7
"2683",7
"2684",7
"2685",7
"2686",7
"2687",7
"2688",7
"2689",5
"2690",5
"2691",5
"2692",4
"2693",5
"2694",5
"2695",4
"2696",7
"2697",7
"2698",5
"2699",3
"2700",7
"2701",5
"2702",5
"2703",3
"2704",9
"2705",10
"2706",9
"2707",9
"2708",10
"2709",9
"2710",9
"2711",10
"2712",9
"2713",10
"2714",10
"2715",10
"2716",10
"2717",9
"2718",9
"2719",10
"2720",9
"2721",9
"2722",9
"2723",9
"2724",9
"2725",10
"2726",10
"2727",9
"2728",10
"2729",32
"2730",32
"2731",32
"2732",32
"2733",32
"2734",32
"2735",32
"2736",32
"2737",32
"2738",32
"2739",32
"2740",32
"2741",32
"2742",32
"2743",32
"2744",32
"2745",32
"2746",32
"2747",32
"2748",32
"2749",32
"2750",32
"2751",32
"2752",32
"2753",32
"2754",32
"2755",4
"2756",4
"2757",2
"2758",2
"2759",1
"2760",1
"2761",1
"2762",1
"2763",1
"2764",19
"2765",19
"2766",10
"2767",10
"2768",10
"2769",19
"2770",10
"2771",10
"2772",10
"2773",10
"2774",10
"2775",10
"2776",10
"2777",10
"2778",10
"2779",10
"2780",10
"2781",10
"2782",10
"2783",10
"2784",1
"2785",1
"2786",1
"2787",1
"2788",1
"2789",1
"2790",1
"2791",32
"2792",32
"2793",1
"2794",7
"2795",5
"2796",5
"2797",7
"2798",5
"2799",7
"2800",5
"2801",7
"2802",5
"2803",5
"2804",7
"2805",7
"2806",7
"2807",5
"2808",5
"2809",7
"2810",7
"2811",5
"2812",6
"2813",6
"2814",16
"2815",16
"2816",5
"2817",16
"2818",5
"2819",7
"2820",6
"2821",15
"2822",26
"2823",15
"2824",15
"2825",15
"2826",26
"2827",9
"2828",26
"2829",15
"2830",15
"2831",15
"2832",9
"2833",9
"2834",9
"2835",15
"2836",26
"2837",15
"2838",4
"2839",4
"2840",5
"2841",4
"2842",4
"2843",5
"2844",5
"2845",4
"2846",4
"2847",4
"2848",12
"2849",10
"2850",10
"2851",12
"2852",13
"2853",10
"2854",12
"2855",12
"2856",10
"2857",12
"2858",12
"2859",13
"2860",12
"2861",7
"2862",13
"2863",10
"2864",13
"2865",6
"2866",3
"2867",3
"2868",1
"2869",2
"2870",1
"2871",1
"2872",1
"2873",2
"2874",3
"2875",1
"2876",1
"2877",1
"2878",3
"2879",2
"2880",3
"2881",2
"2882",1
"2883",2
"2884",3
"2885",1
"2886",2
"2887",3
"2888",1
"2889",3
"2890",3
"2891",7
"2892",5
"2893",5
"2894",5
"2895",5
"2896",7
"2897",7
"2898",7
"2899",7
"2900",7
"2901",7
"2902",7
"2903",5
"2904",5
"2905",5
"2906",5
"2907",5
"2908",7
"2909",1
"2910",1
"2911",1
"2912",1
"2913",1
"2914",1
"2915",1
"2916",1
"2917",2
"2918",1
"2919",32
"2920",31
"2921",15
"2922",5
"2923",15
"2924",15
"2925",10
"2926",10
"2927",20
"2928",20
"2929",10
"2930",10
"2931",20
"2932",10
"2933",10
"2934",10
"2935",20
"2936",19
"2937",10
"2938",10
"2939",10
"2940",10
"2941",19
"2942",20
"2943",20
"2944",19
"2945",10
"2946",10
"2947",10
"2948",10
"2949",10
"2950",10
"2951",10
"2952",10
"2953",10
"2954",20
"2955",31
"2956",10
"2957",10
"2958",10
"2959",10
"2960",10
"2961",10
"2962",10
"2963",10
"2964",10
"2965",10
"2966",10
"2967",31
"2968",31
"2969",10
"2970",10
"2971",10
"2972",5
"2973",5
"2974",5
"2975",8
"2976",6
"2977",6
"2978",7
"2979",12
"2980",7
"2981",12
"2982",12
"2983",12
"2984",7
"2985",12
"2986",9
"2987",4
"2988",9
"2989",15
"2990",4
"2991",9
"2992",9
"2993",12
"2994",31
"2995",12
"2996",24
"2997",23
"2998",4
"2999",4
"3000",5
"3001",4
"3002",5
"3003",4
"3004",4
"3005",4
"3006",4
"3007",4
"3008",4
"3009",4
"3010",4
"3011",4
"3012",4
"3013",4
"3014",16
"3015",32
"3016",3
"3017",4
"3018",4
"3019",4
"3020",4
"3021",4
"3022",5
"3023",4
"3024",4
"3025",2
"3026",4
"3027",4
"3028",4
"3029",4
"3030",4
"3031",2
"3032",4
"3033",4
"3034",4
"3035",4
"3036",2
"3037",4
"3038",4
"3039",4
"3040",2
"3041",4
"3042",4
"3043",4
"3044",4
"3045",2
"3046",4
"3047",4
"3048",4
"3049",4
"3050",4
"3051",4
"3052",4
"3053",4
"3054",4
"3055",4
"3056",4
"3057",4
"3058",2
"3059",4
"3060",1
"3061",4
"3062",4
"3063",4
"3064",4
"3065",2
"3066",2
"3067",2
"3068",4
"3069",4
"3070",4
"3071",4
"3072",4
"3073",4
"3074",4
"3075",2
"3076",4
"3077",4
"3078",2
"3079",4
"3080",4
"3081",4
"3082",4
"3083",4
"3084",4
"3085",4
"3086",4
"3087",4
"3088",2
"3089",4
"3090",4
"3091",2
"3092",4
"3093",4
"3094",2
"3095",4
"3096",4
"3097",2
"3098",2
"3099",4
"3100",4
"3101",4
"3102",4
"3103",2
"3104",4
"3105",4
"3106",4
"3107",4
"3108",4
"3109",4
"3110",4
"3111",4
"3112",4
"3113",4
"3114",4
"3115",4
"3116",4
"3117",4
"3118",4
"3119",4
"3120",4
"3121",4
"3122",4
"3123",32
"3124",32
"3125",32
"3126",32
"3127",32
"3128",32
"3129",32
"3130",32
"3131",2
"3132",2
"3133",2
"3134",2
"3135",2
"3136",2
"3137",2
"3138",2
"3139",2
"3140",2
"3141",2
"3142",2
"3143",2
"3144",32
"3145",2
"3146",12
"3147",12
"3148",12
"3149",12
"3150",7
"3151",7
"3152",12
"3153",5
"3154",6
"3155",7
"3156",6
"3157",7
"3158",5
"3159",12
"3160",5
"3161",12
"3162",7
"3163",7
"3164",12
"3165",5
"3166",7
"3167",7
"3168",12
"3169",12
"3170",12
"3171",10
"3172",13
"3173",12
"3174",12
"3175",12
"3176",23
"3177",6
"3178",13
"3179",13
"3180",12
"3181",19
"3182",19
"3183",12
"3184",12
"3185",10
"3186",12
"3187",23
"3188",13
"3189",23
"3190",23
"3191",10
"3192",12
"3193",12
"3194",9
"3195",12
"3196",12
"3197",12
"3198",12
"3199",23
"3200",19
"3201",13
"3202",23
"3203",12
"3204",23
"3205",23
"3206",12
"3207",6
"3208",12
"3209",12
"3210",12
"3211",23
"3212",13
"3213",10
"3214",13
"3215",19
"3216",10
"3217",23
"3218",12
"3219",12
"3220",12
"3221",13
"3222",9
"3223",6
"3224",12
"3225",12
"3226",12
"3227",12
"3228",12
"3229",22
"3230",13
"3231",13
"3232",10
"3233",12
"3234",9
"3235",9
"3236",13
"3237",12
"3238",12
"3239",10
"3240",12
"3241",23
"3242",12
"3243",13
"3244",9
"3245",23
"3246",12
"3247",23
"3248",12
"3249",13
"3250",9
"3251",7
"3252",8
"3253",8
"3254",8
"3255",8
"3256",8
"3257",32
"3258",32
"3259",32
"3260",32
"3261",32
"3262",32
"3263",32
"3264",32
"3265",32
"3266",32
"3267",32
"3268",32
"3269",32
"3270",32
"3271",32
"3272",4
"3273",4
"3274",4
"3275",1
"3276",4
"3277",4
"3278",1
"3279",4
"3280",4
"3281",2
"3282",1
"3283",10
"3284",2
"3285",4
"3286",2
"3287",1
"3288",2
"3289",3
"3290",4
"3291",10
"3292",3
"3293",4
"3294",4
"3295",4
"3296",4
"3297",10
"3298",4
"3299",4
"3300",4
"3301",4
"3302",4
"3303",4
"3304",4
"3305",4
"3306",4
"3307",4
"3308",1
"3309",4
"3310",4
"3311",4
"3312",4
"3313",2
"3314",3
"3315",1
"3316",4
"3317",4
"3318",4
"3319",4
"3320",4
"3321",4
"3322",4
"3323",4
"3324",3
"3325",4
"3326",4
"3327",2
"3328",1
"3329",4
"3330",19
"3331",19
"3332",10
"3333",9
"3334",18
"3335",18
"3336",19
"3337",19
"3338",9
"3339",10
"3340",19
"3341",19
"3342",19
"3343",19
"3344",18
"3345",19
"3346",9
"3347",19
"3348",19
"3349",9
"3350",19
"3351",19
"3352",19
"3353",19
"3354",19
"3355",9
"3356",19
"3357",7
"3358",7
"3359",7
"3360",7
"3361",7
"3362",7
"3363",7
"3364",7
"3365",10
"3366",10
"3367",10
"3368",10
"3369",32
"3370",32
"3371",32
"3372",32
"3373",32
"3374",32
"3375",32
"3376",32
"3377",32
"3378",9
"3379",11
"3380",20
"3381",6
"3382",9
"3383",13
"3384",6
"3385",9
"3386",9
"3387",9
"3388",9
"3389",9
"3390",32
"3391",6
"3392",9
"3393",9
"3394",18
"3395",9
"3396",9
"3397",9
"3398",19
"3399",9
"3400",19
"3401",19
"3402",19
"3403",9
"3404",9
"3405",6
"3406",18
"3407",6
"3408",19
"3409",9
"3410",6
"3411",19
"3412",9
"3413",19
"3414",9
"3415",9
"3416",13
"3417",9
"3418",9
"3419",9
"3420",18
"3421",9
"3422",9
"3423",6
"3424",19
"3425",9
"3426",13
"3427",9
"3428",19
"3429",6
"3430",9
"3431",9
"3432",9
"3433",9
"3434",9
"3435",9
"3436",9
"3437",9
"3438",9
"3439",9
"3440",9
"3441",9
"3442",9
"3443",9
"3444",9
"3445",9
"3446",9
"3447",9
"3448",9
"3449",6
"3450",8
"3451",8
"3452",6
"3453",8
"3454",6
"3455",8
"3456",6
"3457",8
"3458",12
"3459",6
"3460",6
"3461",12
"3462",12
"3463",1
"3464",32
"3465",1
"3466",1
"3467",1
"3468",32
"3469",1
"3470",4
"3471",4
"3472",4
"3473",4
"3474",2
"3475",4
"3476",4
"3477",2
"3478",32
"3479",4
"3480",4
"3481",4
"3482",4
"3483",10
"3484",4
"3485",4
"3486",4
"3487",4
"3488",4
"3489",2
"3490",4
"3491",4
"3492",4
"3493",4
"3494",2
"3495",4
"3496",4
"3497",2
"3498",4
"3499",15
"3500",4
"3501",4
"3502",2
"3503",4
"3504",2
"3505",4
"3506",4
"3507",15
"3508",15
"3509",15
"3510",4
"3511",2
"3512",15
"3513",4
"3514",4
"3515",15
"3516",15
"3517",15
"3518",2
"3519",4
"3520",15
"3521",15
"3522",15
"3523",15
"3524",4
"3525",4
"3526",32
"3527",4
"3528",4
"3529",15
"3530",2
"3531",15
"3532",15
"3533",4
"3534",4
"3535",4
"3536",4
"3537",4
"3538",4
"3539",4
"3540",4
"3541",2
"3542",2
"3543",2
"3544",15
"3545",2
"3546",4
"3547",15
"3548",4
"3549",15
"3550",15
"3551",2
"3552",4
"3553",4
"3554",4
"3555",15
"3556",4
"3557",15
"3558",15
"3559",32
"3560",32
"3561",32
"3562",32
"3563",32
"3564",32
"3565",7
"3566",7
"3567",7
"3568",7
"3569",7
"3570",7
"3571",8
"3572",5
"3573",7
"3574",7
"3575",7
"3576",7
"3577",8
"3578",8
"3579",6
"3580",7
"3581",7
"3582",5
"3583",7
"3584",7
"3585",7
"3586",8
"3587",8
"3588",7
"3589",5
"3590",15
"3591",15
"3592",4
"3593",4
"3594",15
"3595",15
"3596",15
"3597",4
"3598",5
"3599",4
"3600",5
"3601",15
"3602",15
"3603",15
"3604",15
"3605",15
"3606",5
"3607",5
"3608",5
"3609",5
